Language,Concept,Value
Ethio_Ge'ez,thick (stick),1
Ethio_Tigre,thick (stick),1
Ethio_Tigrinya,thick (stick),2
Ethio_Harari,thick (stick),3
Ethio_Chaha,thick (stick),?
Ethio_Amharic,thick (stick),4
NWS_Hebrew,thick (stick),5
NWS_Ugaritic,thick (stick),?
ES_Akkadian,thick (stick),6
Arabic_Levantine,thick (stick),7
Arabic_Baghdadi,thick (stick),7
Arabic_Moroccan,thick (stick),8
Arabic_Ogaden,thick (stick),?
MSA_Mehri,thick (stick),8
MSA_Jibbali,thick (stick),?
MSA_Soqotri,thick (stick),?
NWS_Aramaic_Classical,thick (stick),5
NWS_Aramaic_Barwar,thick (stick),9
NWS_Aramaic_Qaraqosh,thick (stick),9
NWS_Aramaic_J_Betanure,thick (stick),9
NWS_Aramaic_J_Barzan,thick (stick),9
NWS_Aramaic_Hertevin,thick (stick),10
NWS_Aramaic_Jinnet,thick (stick),10
NWS_Aramaic_Mer,thick (stick),9
NWS_Aramaic_Urmi_C,thick (stick),9
NWS_Aramaic_J_Koy_Sanjaq,thick (stick),?
NWS_Aramaic_J_Sanandaj,thick (stick),?
NWS_Aramaic_Miden,thick (stick),9
NWS_Aramaic_Mlahso,thick (stick),?
NWS_Aramaic_Western_Maaloula,thick (stick),?
NWS_Aramaic_Mandaic_Neo,thick (stick),9
Ethio_Ge'ez,to do,101
Ethio_Tigre,to do,101
Ethio_Tigrinya,to do,101
Ethio_Harari,to do,?
Ethio_Chaha,to do,?
Ethio_Amharic,to do,102
NWS_Hebrew,to do,103
NWS_Ugaritic,to do,?
ES_Akkadian,to do,104
Arabic_Levantine,to do,106
Arabic_Baghdadi,to do,106
Arabic_Moroccan,to do,107
Arabic_Ogaden,to do,?
MSA_Mehri,to do,108
MSA_Jibbali,to do,?
MSA_Soqotri,to do,?
NWS_Aramaic_Classical,to do,105
NWS_Aramaic_Barwar,to do,105
NWS_Aramaic_Qaraqosh,to do,105
NWS_Aramaic_J_Betanure,to do,105
NWS_Aramaic_J_Barzan,to do,105
NWS_Aramaic_Hertevin,to do,105
NWS_Aramaic_Jinnet,to do,105
NWS_Aramaic_Mer,to do,105
NWS_Aramaic_Urmi_C,to do,105
NWS_Aramaic_J_Koy_Sanjaq,to do,105
NWS_Aramaic_J_Sanandaj,to do,105
NWS_Aramaic_Miden,to do,106
NWS_Aramaic_Mlahso,to do,106
NWS_Aramaic_Western_Maaloula,to do,?
NWS_Aramaic_Mandaic_Neo,to do,105
Ethio_Ge'ez,wood,201
Ethio_Tigre,wood,202
Ethio_Tigrinya,wood,202
Ethio_Harari,wood,?
Ethio_Chaha,wood,?
Ethio_Amharic,wood,202
NWS_Hebrew,wood,201
NWS_Ugaritic,wood,201
ES_Akkadian,wood,201
Arabic_Levantine,wood,203
Arabic_Baghdadi,wood,203
Arabic_Moroccan,wood,203
Arabic_Ogaden,wood,203
MSA_Mehri,wood,204
MSA_Jibbali,wood,204
MSA_Soqotri,wood,204
NWS_Aramaic_Classical,wood,201
NWS_Aramaic_Barwar,wood,205
NWS_Aramaic_Qaraqosh,wood,205
NWS_Aramaic_J_Betanure,wood,206
NWS_Aramaic_J_Barzan,wood,206
NWS_Aramaic_Hertevin,wood,205
NWS_Aramaic_Jinnet,wood,205
NWS_Aramaic_Mer,wood,205
NWS_Aramaic_Urmi_C,wood,205
NWS_Aramaic_J_Koy_Sanjaq,wood,206
NWS_Aramaic_J_Sanandaj,wood,206
NWS_Aramaic_Miden,wood,205
NWS_Aramaic_Mlahso,wood,205
NWS_Aramaic_Western_Maaloula,wood,205
NWS_Aramaic_Mandaic_Neo,wood,207
Ethio_Ge'ez,shoulder,301
Ethio_Tigre,shoulder,301
Ethio_Tigrinya,shoulder,302
Ethio_Harari,shoulder,?
Ethio_Chaha,shoulder,?
Ethio_Amharic,shoulder,302
NWS_Hebrew,shoulder,302
NWS_Ugaritic,shoulder,302
ES_Akkadian,shoulder,303
Arabic_Levantine,shoulder,302
Arabic_Baghdadi,shoulder,302
Arabic_Moroccan,shoulder,302
Arabic_Ogaden,shoulder,?
MSA_Mehri,shoulder,304
MSA_Jibbali,shoulder,?
MSA_Soqotri,shoulder,?
NWS_Aramaic_Classical,shoulder,301
NWS_Aramaic_Barwar,shoulder,305
NWS_Aramaic_Qaraqosh,shoulder,305
NWS_Aramaic_J_Betanure,shoulder,306
NWS_Aramaic_J_Barzan,shoulder,306
NWS_Aramaic_Hertevin,shoulder,301
NWS_Aramaic_Jinnet,shoulder,305
NWS_Aramaic_Mer,shoulder,?
NWS_Aramaic_Urmi_C,shoulder,305
NWS_Aramaic_J_Koy_Sanjaq,shoulder,306
NWS_Aramaic_J_Sanandaj,shoulder,306
NWS_Aramaic_Miden,shoulder,301
NWS_Aramaic_Mlahso,shoulder,301
NWS_Aramaic_Western_Maaloula,shoulder,301
NWS_Aramaic_Mandaic_Neo,shoulder,?
Ethio_Ge'ez,ashes,401
Ethio_Tigre,ashes,402
Ethio_Tigrinya,ashes,403
Ethio_Harari,ashes,401
Ethio_Chaha,ashes,401
Ethio_Amharic,ashes,401
NWS_Hebrew,ashes,404
NWS_Ugaritic,ashes,405
ES_Akkadian,ashes,406
Arabic_Levantine,ashes,407
Arabic_Baghdadi,ashes,407
Arabic_Moroccan,ashes,407
Arabic_Ogaden,ashes,407
MSA_Mehri,ashes,408
MSA_Jibbali,ashes,408
MSA_Soqotri,ashes,407
NWS_Aramaic_Classical,ashes,406
NWS_Aramaic_Barwar,ashes,406
NWS_Aramaic_Qaraqosh,ashes,406
NWS_Aramaic_J_Betanure,ashes,406
NWS_Aramaic_J_Barzan,ashes,406
NWS_Aramaic_Hertevin,ashes,406
NWS_Aramaic_Jinnet,ashes,406
NWS_Aramaic_Mer,ashes,406
NWS_Aramaic_Urmi_C,ashes,406
NWS_Aramaic_J_Koy_Sanjaq,ashes,406
NWS_Aramaic_J_Sanandaj,ashes,406
NWS_Aramaic_Miden,ashes,406
NWS_Aramaic_Mlahso,ashes,406
NWS_Aramaic_Western_Maaloula,ashes,406
NWS_Aramaic_Mandaic_Neo,ashes,406
Ethio_Ge'ez,bark (of tree),501
Ethio_Tigre,bark (of tree),502
Ethio_Tigrinya,bark (of tree),501
Ethio_Harari,bark (of tree),501
Ethio_Chaha,bark (of tree),507
Ethio_Amharic,bark (of tree),501
NWS_Hebrew,bark (of tree),508
NWS_Ugaritic,bark (of tree),508
ES_Akkadian,bark (of tree),508
Arabic_Levantine,bark (of tree),509
Arabic_Baghdadi,bark (of tree),509
Arabic_Moroccan,bark (of tree),509
Arabic_Ogaden,bark (of tree),511
MSA_Mehri,bark (of tree),509
MSA_Jibbali,bark (of tree),509
MSA_Soqotri,bark (of tree),?
NWS_Aramaic_Classical,bark (of tree),508
NWS_Aramaic_Barwar,bark (of tree),508
NWS_Aramaic_Qaraqosh,bark (of tree),508
NWS_Aramaic_J_Betanure,bark (of tree),508
NWS_Aramaic_J_Barzan,bark (of tree),508
NWS_Aramaic_Hertevin,bark (of tree),508
NWS_Aramaic_Jinnet,bark (of tree),508
NWS_Aramaic_Mer,bark (of tree),508
NWS_Aramaic_Urmi_C,bark (of tree),508
NWS_Aramaic_J_Koy_Sanjaq,bark (of tree),508
NWS_Aramaic_J_Sanandaj,bark (of tree),508
NWS_Aramaic_Miden,bark (of tree),508
NWS_Aramaic_Mlahso,bark (of tree),?
NWS_Aramaic_Western_Maaloula,bark (of tree),508
NWS_Aramaic_Mandaic_Neo,bark (of tree),508
Ethio_Ge'ez,belly,601
Ethio_Tigre,belly,602
Ethio_Tigrinya,belly,602
Ethio_Harari,belly,604
Ethio_Chaha,belly,605
Ethio_Amharic,belly,?
NWS_Hebrew,belly,607
NWS_Ugaritic,belly,602
ES_Akkadian,belly,603
Arabic_Levantine,belly,607
Arabic_Baghdadi,belly,607
Arabic_Moroccan,belly,603
Arabic_Ogaden,belly,607
MSA_Mehri,belly,608
MSA_Jibbali,belly,609
MSA_Soqotri,belly,610
NWS_Aramaic_Classical,belly,603
NWS_Aramaic_Barwar,belly,603
NWS_Aramaic_Qaraqosh,belly,603
NWS_Aramaic_J_Betanure,belly,603
NWS_Aramaic_J_Barzan,belly,603
NWS_Aramaic_Hertevin,belly,603
NWS_Aramaic_Jinnet,belly,603
NWS_Aramaic_Mer,belly,603
NWS_Aramaic_Urmi_C,belly,603
NWS_Aramaic_J_Koy_Sanjaq,belly,603
NWS_Aramaic_J_Sanandaj,belly,603
NWS_Aramaic_Miden,belly,611
NWS_Aramaic_Mlahso,belly,611
NWS_Aramaic_Western_Maaloula,belly,603
NWS_Aramaic_Mandaic_Neo,belly,603
Ethio_Ge'ez,Big,701
Ethio_Tigre,Big,701
Ethio_Tigrinya,Big,701
Ethio_Harari,Big,704
Ethio_Chaha,Big,710
Ethio_Amharic,Big,702
NWS_Hebrew,Big,711
NWS_Ugaritic,Big,711
ES_Akkadian,Big,712
Arabic_Levantine,Big,713
Arabic_Baghdadi,Big,713
Arabic_Moroccan,Big,713
Arabic_Ogaden,Big,713
MSA_Mehri,Big,714
MSA_Jibbali,Big,715
MSA_Soqotri,Big,716
NWS_Aramaic_Classical,Big,712
NWS_Aramaic_Barwar,Big,712
NWS_Aramaic_Qaraqosh,Big,712
NWS_Aramaic_J_Betanure,Big,718
NWS_Aramaic_J_Barzan,Big,712
NWS_Aramaic_Hertevin,Big,719
NWS_Aramaic_Jinnet,Big,712
NWS_Aramaic_Mer,Big,719
NWS_Aramaic_Urmi_C,Big,720
NWS_Aramaic_J_Koy_Sanjaq,Big,718
NWS_Aramaic_J_Sanandaj,Big,718
NWS_Aramaic_Miden,Big,712
NWS_Aramaic_Mlahso,Big,712
NWS_Aramaic_Western_Maaloula,Big,712
NWS_Aramaic_Mandaic_Neo,Big,712
Ethio_Ge'ez,bird (big),801
Ethio_Tigre,bird (big),802
Ethio_Tigrinya,bird (big),801
Ethio_Harari,bird (big),801
Ethio_Chaha,bird (big),801
Ethio_Amharic,bird (big),801
NWS_Hebrew,bird (big),803
NWS_Ugaritic,bird (big),804
ES_Akkadian,bird (big),804
Arabic_Levantine,bird (big),807
Arabic_Baghdadi,bird (big),807
Arabic_Moroccan,bird (big),805
Arabic_Ogaden,bird (big),805
MSA_Mehri,bird (big),805
MSA_Jibbali,bird (big),806
MSA_Soqotri,bird (big),806
NWS_Aramaic_Classical,bird (big),807
NWS_Aramaic_Barwar,bird (big),807
NWS_Aramaic_Qaraqosh,bird (big),807
NWS_Aramaic_J_Betanure,bird (big),807
NWS_Aramaic_J_Barzan,bird (big),?
NWS_Aramaic_Hertevin,bird (big),807
NWS_Aramaic_Jinnet,bird (big),807
NWS_Aramaic_Mer,bird (big),807
NWS_Aramaic_Urmi_C,bird (big),807
NWS_Aramaic_J_Koy_Sanjaq,bird (big),?
NWS_Aramaic_J_Sanandaj,bird (big),?
NWS_Aramaic_Miden,bird (big),807
NWS_Aramaic_Mlahso,bird (big),?
NWS_Aramaic_Western_Maaloula,bird (big),807
NWS_Aramaic_Mandaic_Neo,bird (big),803
Ethio_Ge'ez,Black,901
Ethio_Tigre,Black,901
Ethio_Tigrinya,Black,901
Ethio_Harari,Black,903
Ethio_Chaha,Black,902
Ethio_Amharic,Black,902
NWS_Hebrew,Black,906
NWS_Ugaritic,Black,?
ES_Akkadian,Black,901
Arabic_Levantine,Black,912
Arabic_Baghdadi,Black,912
Arabic_Moroccan,Black,908
Arabic_Ogaden,Black,912
MSA_Mehri,Black,909
MSA_Jibbali,Black,909
MSA_Soqotri,Black,910
NWS_Aramaic_Classical,Black,907
NWS_Aramaic_Barwar,Black,907
NWS_Aramaic_Qaraqosh,Black,907
NWS_Aramaic_J_Betanure,Black,907
NWS_Aramaic_J_Barzan,Black,907
NWS_Aramaic_Hertevin,Black,907
NWS_Aramaic_Jinnet,Black,907
NWS_Aramaic_Mer,Black,907
NWS_Aramaic_Urmi_C,Black,907
NWS_Aramaic_J_Koy_Sanjaq,Black,907
NWS_Aramaic_J_Sanandaj,Black,907
NWS_Aramaic_Miden,Black,907
NWS_Aramaic_Mlahso,Black,907
NWS_Aramaic_Western_Maaloula,Black,907
NWS_Aramaic_Mandaic_Neo,Black,907
Ethio_Ge'ez,Blood,1001
Ethio_Tigre,Blood,1001
Ethio_Tigrinya,Blood,1001
Ethio_Harari,Blood,1001
Ethio_Chaha,Blood,1001
Ethio_Amharic,Blood,1001
NWS_Hebrew,Blood,1001
NWS_Ugaritic,Blood,1001
ES_Akkadian,Blood,1001
Arabic_Levantine,Blood,1001
Arabic_Baghdadi,Blood,1001
Arabic_Moroccan,Blood,1001
Arabic_Ogaden,Blood,1001
MSA_Mehri,Blood,1002
MSA_Jibbali,Blood,1002
MSA_Soqotri,Blood,1002
NWS_Aramaic_Classical,Blood,1001
NWS_Aramaic_Barwar,Blood,1001
NWS_Aramaic_Qaraqosh,Blood,1001
NWS_Aramaic_J_Betanure,Blood,1001
NWS_Aramaic_J_Barzan,Blood,1001
NWS_Aramaic_Hertevin,Blood,1001
NWS_Aramaic_Jinnet,Blood,1001
NWS_Aramaic_Mer,Blood,1001
NWS_Aramaic_Urmi_C,Blood,1001
NWS_Aramaic_J_Koy_Sanjaq,Blood,1001
NWS_Aramaic_J_Sanandaj,Blood,1001
NWS_Aramaic_Miden,Blood,1001
NWS_Aramaic_Mlahso,Blood,1001
NWS_Aramaic_Western_Maaloula,Blood,1001
NWS_Aramaic_Mandaic_Neo,Blood,1001
Ethio_Ge'ez,Bone,1101
Ethio_Tigre,Bone,1101
Ethio_Tigrinya,Bone,1101
Ethio_Harari,Bone,1101
Ethio_Chaha,Bone,1101
Ethio_Amharic,Bone,1101
NWS_Hebrew,Bone,1101
NWS_Ugaritic,Bone,1101
ES_Akkadian,Bone,1101
Arabic_Levantine,Bone,1101
Arabic_Baghdadi,Bone,1101
Arabic_Moroccan,Bone,1101
Arabic_Ogaden,Bone,1101
MSA_Mehri,Bone,1104
MSA_Jibbali,Bone,1105
MSA_Soqotri,Bone,1106
NWS_Aramaic_Classical,Bone,1103
NWS_Aramaic_Barwar,Bone,1103
NWS_Aramaic_Qaraqosh,Bone,1103
NWS_Aramaic_J_Betanure,Bone,1103
NWS_Aramaic_J_Barzan,Bone,1103
NWS_Aramaic_Hertevin,Bone,1103
NWS_Aramaic_Jinnet,Bone,1103
NWS_Aramaic_Mer,Bone,1103
NWS_Aramaic_Urmi_C,Bone,1103
NWS_Aramaic_J_Koy_Sanjaq,Bone,1103
NWS_Aramaic_J_Sanandaj,Bone,1103
NWS_Aramaic_Miden,Bone,1103
NWS_Aramaic_Mlahso,Bone,1103
NWS_Aramaic_Western_Maaloula,Bone,1103
NWS_Aramaic_Mandaic_Neo,Bone,1103
Ethio_Ge'ez,Breast,1201
Ethio_Tigre,Breast,1201
Ethio_Tigrinya,Breast,1201
Ethio_Harari,Breast,1202
Ethio_Chaha,Breast,?
Ethio_Amharic,Breast,1202
NWS_Hebrew,Breast,1202
NWS_Ugaritic,Breast,?
ES_Akkadian,Breast,1203
Arabic_Levantine,Breast,1207
Arabic_Baghdadi,Breast,1208
Arabic_Moroccan,Breast,1204
Arabic_Ogaden,Breast,1206
MSA_Mehri,Breast,1205
MSA_Jibbali,Breast,1205
MSA_Soqotri,Breast,1205
NWS_Aramaic_Classical,Breast,1202
NWS_Aramaic_Barwar,Breast,1202
NWS_Aramaic_Qaraqosh,Breast,?
NWS_Aramaic_J_Betanure,Breast,1202
NWS_Aramaic_J_Barzan,Breast,1202
NWS_Aramaic_Hertevin,Breast,?
NWS_Aramaic_Jinnet,Breast,?
NWS_Aramaic_Mer,Breast,?
NWS_Aramaic_Urmi_C,Breast,1207
NWS_Aramaic_J_Koy_Sanjaq,Breast,?
NWS_Aramaic_J_Sanandaj,Breast,?
NWS_Aramaic_Miden,Breast,1207
NWS_Aramaic_Mlahso,Breast,?
NWS_Aramaic_Western_Maaloula,Breast,?
NWS_Aramaic_Mandaic_Neo,Breast,?
Ethio_Ge'ez,to burn (intrans,1301
Ethio_Tigre,to burn (intrans,1302
Ethio_Tigrinya,to burn (intrans,?
Ethio_Harari,to burn (intrans,1304
Ethio_Chaha,to burn (intrans,1304
Ethio_Amharic,to burn (intrans,1303
NWS_Hebrew,to burn (intrans,1306
NWS_Ugaritic,to burn (intrans,1306
ES_Akkadian,to burn (intrans,1306
Arabic_Levantine,to burn (intrans,1308
Arabic_Baghdadi,to burn (intrans,1308
Arabic_Moroccan,to burn (intrans,1308
Arabic_Ogaden,to burn (intrans,1308
MSA_Mehri,to burn (intrans,1309
MSA_Jibbali,to burn (intrans,1310
MSA_Soqotri,to burn (intrans,1310
NWS_Aramaic_Classical,to burn (intrans,1307
NWS_Aramaic_Barwar,to burn (intrans,1307
NWS_Aramaic_Qaraqosh,to burn (intrans,1307
NWS_Aramaic_J_Betanure,to burn (intrans,1307
NWS_Aramaic_J_Barzan,to burn (intrans,1307
NWS_Aramaic_Hertevin,to burn (intrans,1307
NWS_Aramaic_Jinnet,to burn (intrans,1307
NWS_Aramaic_Mer,to burn (intrans,1307
NWS_Aramaic_Urmi_C,to burn (intrans,1307
NWS_Aramaic_J_Koy_Sanjaq,to burn (intrans,1307
NWS_Aramaic_J_Sanandaj,to burn (intrans,1307
NWS_Aramaic_Miden,to burn (intrans,1307
NWS_Aramaic_Mlahso,to burn (intrans,1307
NWS_Aramaic_Western_Maaloula,to burn (intrans,1307
NWS_Aramaic_Mandaic_Neo,to burn (intrans,1307
Ethio_Ge'ez,cloud,1408
Ethio_Tigre,cloud,1408
Ethio_Tigrinya,cloud,1408
Ethio_Harari,cloud,1408
Ethio_Chaha,cloud,1408
Ethio_Amharic,cloud,1408
NWS_Hebrew,cloud,1401
NWS_Ugaritic,cloud,1402
ES_Akkadian,cloud,1402
Arabic_Levantine,cloud,1406
Arabic_Baghdadi,cloud,1406
Arabic_Moroccan,cloud,1403
Arabic_Ogaden,cloud,1403
MSA_Mehri,cloud,1404
MSA_Jibbali,cloud,1404
MSA_Soqotri,cloud,1405
NWS_Aramaic_Classical,cloud,1401
NWS_Aramaic_Barwar,cloud,1407
NWS_Aramaic_Qaraqosh,cloud,1407
NWS_Aramaic_J_Betanure,cloud,1407
NWS_Aramaic_J_Barzan,cloud,1407
NWS_Aramaic_Hertevin,cloud,1407
NWS_Aramaic_Jinnet,cloud,1407
NWS_Aramaic_Mer,cloud,1407
NWS_Aramaic_Urmi_C,cloud,1407
NWS_Aramaic_J_Koy_Sanjaq,cloud,1407
NWS_Aramaic_J_Sanandaj,cloud,1407
NWS_Aramaic_Miden,cloud,1407
NWS_Aramaic_Mlahso,cloud,1406
NWS_Aramaic_Western_Maaloula,cloud,1406
NWS_Aramaic_Mandaic_Neo,cloud,1407
Ethio_Ge'ez,cold,1501
Ethio_Tigre,cold,1501
Ethio_Tigrinya,cold,1502
Ethio_Harari,cold,1501
Ethio_Chaha,cold,1504
Ethio_Amharic,cold,1501
NWS_Hebrew,cold,1502
NWS_Ugaritic,cold,?
ES_Akkadian,cold,1506
Arabic_Levantine,cold,1501
Arabic_Baghdadi,cold,1501
Arabic_Moroccan,cold,1501
Arabic_Ogaden,cold,1501
MSA_Mehri,cold,1501
MSA_Jibbali,cold,1507
MSA_Soqotri,cold,1507
NWS_Aramaic_Classical,cold,1502
NWS_Aramaic_Barwar,cold,1502
NWS_Aramaic_Qaraqosh,cold,1502
NWS_Aramaic_J_Betanure,cold,1502
NWS_Aramaic_J_Barzan,cold,1502
NWS_Aramaic_Hertevin,cold,1502
NWS_Aramaic_Jinnet,cold,1502
NWS_Aramaic_Mer,cold,1502
NWS_Aramaic_Urmi_C,cold,1502
NWS_Aramaic_J_Koy_Sanjaq,cold,1502
NWS_Aramaic_J_Sanandaj,cold,1502
NWS_Aramaic_Miden,cold,1502
NWS_Aramaic_Mlahso,cold,1502
NWS_Aramaic_Western_Maaloula,cold,1502
NWS_Aramaic_Mandaic_Neo,cold,1502
Ethio_Ge'ez,to come,1601
Ethio_Tigre,to come,1601
Ethio_Tigrinya,to come,1601
Ethio_Harari,to come,1602
Ethio_Chaha,to come,1604
Ethio_Amharic,to come,1601
NWS_Hebrew,to come,1605
NWS_Ugaritic,to come,1605
ES_Akkadian,to come,1606
Arabic_Levantine,to come,1607
Arabic_Baghdadi,to come,1607
Arabic_Moroccan,to come,1607
Arabic_Ogaden,to come,1607
MSA_Mehri,to come,1608
MSA_Jibbali,to come,1609
MSA_Soqotri,to come,1610
NWS_Aramaic_Classical,to come,1601
NWS_Aramaic_Barwar,to come,1601
NWS_Aramaic_Qaraqosh,to come,1601
NWS_Aramaic_J_Betanure,to come,1601
NWS_Aramaic_J_Barzan,to come,1601
NWS_Aramaic_Hertevin,to come,1601
NWS_Aramaic_Jinnet,to come,1601
NWS_Aramaic_Mer,to come,1601
NWS_Aramaic_Urmi_C,to come,1601
NWS_Aramaic_J_Koy_Sanjaq,to come,1601
NWS_Aramaic_J_Sanandaj,to come,1601
NWS_Aramaic_Miden,to come,1601
NWS_Aramaic_Mlahso,to come,1601
NWS_Aramaic_Western_Maaloula,to come,1601
NWS_Aramaic_Mandaic_Neo,to come,1601
Ethio_Ge'ez,to drink,1701
Ethio_Tigre,to drink,1701
Ethio_Tigrinya,to drink,1701
Ethio_Harari,to drink,1701
Ethio_Chaha,to drink,1703
Ethio_Amharic,to drink,1702
NWS_Hebrew,to drink,1701
NWS_Ugaritic,to drink,1701
ES_Akkadian,to drink,1701
Arabic_Levantine,to drink,1704
Arabic_Baghdadi,to drink,1704
Arabic_Moroccan,to drink,1704
Arabic_Ogaden,to drink,1704
MSA_Mehri,to drink,1705
MSA_Jibbali,to drink,1705
MSA_Soqotri,to drink,1706
NWS_Aramaic_Classical,to drink,1701
NWS_Aramaic_Barwar,to drink,1701
NWS_Aramaic_Qaraqosh,to drink,1701
NWS_Aramaic_J_Betanure,to drink,1701
NWS_Aramaic_J_Barzan,to drink,1701
NWS_Aramaic_Hertevin,to drink,1701
NWS_Aramaic_Jinnet,to drink,1701
NWS_Aramaic_Mer,to drink,1701
NWS_Aramaic_Urmi_C,to drink,1701
NWS_Aramaic_J_Koy_Sanjaq,to drink,1701
NWS_Aramaic_J_Sanandaj,to drink,1701
NWS_Aramaic_Miden,to drink,1701
NWS_Aramaic_Mlahso,to drink,1701
NWS_Aramaic_Western_Maaloula,to drink,1701
NWS_Aramaic_Mandaic_Neo,to drink,1701
Ethio_Ge'ez,dry (ad,1801
Ethio_Tigre,dry (ad,1801
Ethio_Tigrinya,dry (ad,1802
Ethio_Harari,dry (ad,1803
Ethio_Chaha,dry (ad,1804
Ethio_Amharic,dry (ad,1803
NWS_Hebrew,dry (ad,1801
NWS_Ugaritic,dry (ad,1805
ES_Akkadian,dry (ad,1805
Arabic_Levantine,dry (ad,1808
Arabic_Baghdadi,dry (ad,1801
Arabic_Moroccan,dry (ad,1801
Arabic_Ogaden,dry (ad,1801
MSA_Mehri,dry (ad,1806
MSA_Jibbali,dry (ad,1806
MSA_Soqotri,dry (ad,1806
NWS_Aramaic_Classical,dry (ad,1801
NWS_Aramaic_Barwar,dry (ad,1807
NWS_Aramaic_Qaraqosh,dry (ad,1801
NWS_Aramaic_J_Betanure,dry (ad,1807
NWS_Aramaic_J_Barzan,dry (ad,1801
NWS_Aramaic_Hertevin,dry (ad,1801
NWS_Aramaic_Jinnet,dry (ad,1801
NWS_Aramaic_Mer,dry (ad,1801
NWS_Aramaic_Urmi_C,dry (ad,1807
NWS_Aramaic_J_Koy_Sanjaq,dry (ad,1801
NWS_Aramaic_J_Sanandaj,dry (ad,1801
NWS_Aramaic_Miden,dry (ad,?
NWS_Aramaic_Mlahso,dry (ad,1808
NWS_Aramaic_Western_Maaloula,dry (ad,?
NWS_Aramaic_Mandaic_Neo,dry (ad,1801
Ethio_Ge'ez,Ear,1901
Ethio_Tigre,Ear,1901
Ethio_Tigrinya,Ear,1901
Ethio_Harari,Ear,1901
Ethio_Chaha,Ear,1901
Ethio_Amharic,Ear,1902
NWS_Hebrew,Ear,1901
NWS_Ugaritic,Ear,1901
ES_Akkadian,Ear,1901
Arabic_Levantine,Ear,1903
Arabic_Baghdadi,Ear,1903
Arabic_Moroccan,Ear,1903
Arabic_Ogaden,Ear,1903
MSA_Mehri,Ear,1904
MSA_Jibbali,Ear,1901
MSA_Soqotri,Ear,1901
NWS_Aramaic_Classical,Ear,1901
NWS_Aramaic_Barwar,Ear,1905
NWS_Aramaic_Qaraqosh,Ear,1905
NWS_Aramaic_J_Betanure,Ear,1905
NWS_Aramaic_J_Barzan,Ear,1905
NWS_Aramaic_Hertevin,Ear,1905
NWS_Aramaic_Jinnet,Ear,1905
NWS_Aramaic_Mer,Ear,1905
NWS_Aramaic_Urmi_C,Ear,1905
NWS_Aramaic_J_Koy_Sanjaq,Ear,1905
NWS_Aramaic_J_Sanandaj,Ear,1905
NWS_Aramaic_Miden,Ear,1901
NWS_Aramaic_Mlahso,Ear,1901
NWS_Aramaic_Western_Maaloula,Ear,1901
NWS_Aramaic_Mandaic_Neo,Ear,1901
Ethio_Ge'ez,to eat,2001
Ethio_Tigre,to eat,2001
Ethio_Tigrinya,to eat,2001
Ethio_Harari,to eat,2001
Ethio_Chaha,to eat,2001
Ethio_Amharic,to eat,2001
NWS_Hebrew,to eat,2002
NWS_Ugaritic,to eat,2002
ES_Akkadian,to eat,2002
Arabic_Levantine,to eat,2002
Arabic_Baghdadi,to eat,2002
Arabic_Moroccan,to eat,2002
Arabic_Ogaden,to eat,2002
MSA_Mehri,to eat,2003
MSA_Jibbali,to eat,2003
MSA_Soqotri,to eat,2003
NWS_Aramaic_Classical,to eat,2002
NWS_Aramaic_Barwar,to eat,2002
NWS_Aramaic_Qaraqosh,to eat,2002
NWS_Aramaic_J_Betanure,to eat,2002
NWS_Aramaic_J_Barzan,to eat,2002
NWS_Aramaic_Hertevin,to eat,2002
NWS_Aramaic_Jinnet,to eat,2002
NWS_Aramaic_Mer,to eat,2002
NWS_Aramaic_Urmi_C,to eat,2002
NWS_Aramaic_J_Koy_Sanjaq,to eat,2002
NWS_Aramaic_J_Sanandaj,to eat,2002
NWS_Aramaic_Miden,to eat,2002
NWS_Aramaic_Mlahso,to eat,2002
NWS_Aramaic_Western_Maaloula,to eat,2002
NWS_Aramaic_Mandaic_Neo,to eat,2002
Ethio_Ge'ez,Egg,?
Ethio_Tigre,Egg,?
Ethio_Tigrinya,Egg,?
Ethio_Harari,Egg,2101
Ethio_Chaha,Egg,?
Ethio_Amharic,Egg,?
NWS_Hebrew,Egg,2102
NWS_Ugaritic,Egg,?
ES_Akkadian,Egg,2103
Arabic_Levantine,Egg,2102
Arabic_Baghdadi,Egg,2102
Arabic_Moroccan,Egg,2102
Arabic_Ogaden,Egg,2102
MSA_Mehri,Egg,2102
MSA_Jibbali,Egg,2104
MSA_Soqotri,Egg,2104
NWS_Aramaic_Classical,Egg,2102
NWS_Aramaic_Barwar,Egg,2102
NWS_Aramaic_Qaraqosh,Egg,2102
NWS_Aramaic_J_Betanure,Egg,2102
NWS_Aramaic_J_Barzan,Egg,2102
NWS_Aramaic_Hertevin,Egg,2102
NWS_Aramaic_Jinnet,Egg,2102
NWS_Aramaic_Mer,Egg,2102
NWS_Aramaic_Urmi_C,Egg,2102
NWS_Aramaic_J_Koy_Sanjaq,Egg,2102
NWS_Aramaic_J_Sanandaj,Egg,2102
NWS_Aramaic_Miden,Egg,2102
NWS_Aramaic_Mlahso,Egg,2102
NWS_Aramaic_Western_Maaloula,Egg,2102
NWS_Aramaic_Mandaic_Neo,Egg,2102
Ethio_Ge'ez,Fire,2201
Ethio_Tigre,Fire,2201
Ethio_Tigrinya,Fire,2202
Ethio_Harari,Fire,2201
Ethio_Chaha,Fire,2201
Ethio_Amharic,Fire,2201
NWS_Hebrew,Fire,2203
NWS_Ugaritic,Fire,2201
ES_Akkadian,Fire,2201
Arabic_Levantine,Fire,2205
Arabic_Baghdadi,Fire,2205
Arabic_Moroccan,Fire,2205
Arabic_Ogaden,Fire,2204
MSA_Mehri,Fire,2206
MSA_Jibbali,Fire,2206
MSA_Soqotri,Fire,2206
NWS_Aramaic_Classical,Fire,2204
NWS_Aramaic_Barwar,Fire,2204
NWS_Aramaic_Qaraqosh,Fire,2204
NWS_Aramaic_J_Betanure,Fire,2204
NWS_Aramaic_J_Barzan,Fire,2204
NWS_Aramaic_Hertevin,Fire,2204
NWS_Aramaic_Jinnet,Fire,2204
NWS_Aramaic_Mer,Fire,2204
NWS_Aramaic_Urmi_C,Fire,2204
NWS_Aramaic_J_Koy_Sanjaq,Fire,2204
NWS_Aramaic_J_Sanandaj,Fire,2204
NWS_Aramaic_Miden,Fire,2204
NWS_Aramaic_Mlahso,Fire,2204
NWS_Aramaic_Western_Maaloula,Fire,2204
NWS_Aramaic_Mandaic_Neo,Fire,2204
Ethio_Ge'ez,Fish,?
Ethio_Tigre,Fish,?
Ethio_Tigrinya,Fish,?
Ethio_Harari,Fish,2301
Ethio_Chaha,Fish,?
Ethio_Amharic,Fish,?
NWS_Hebrew,Fish,2302
NWS_Ugaritic,Fish,2302
ES_Akkadian,Fish,2303
Arabic_Levantine,Fish,2306
Arabic_Baghdadi,Fish,2306
Arabic_Moroccan,Fish,2304
Arabic_Ogaden,Fish,2306
MSA_Mehri,Fish,2305
MSA_Jibbali,Fish,2305
MSA_Soqotri,Fish,2305
NWS_Aramaic_Classical,Fish,2303
NWS_Aramaic_Barwar,Fish,2303
NWS_Aramaic_Qaraqosh,Fish,2303
NWS_Aramaic_J_Betanure,Fish,2303
NWS_Aramaic_J_Barzan,Fish,2303
NWS_Aramaic_Hertevin,Fish,2303
NWS_Aramaic_Jinnet,Fish,2303
NWS_Aramaic_Mer,Fish,2303
NWS_Aramaic_Urmi_C,Fish,2303
NWS_Aramaic_J_Koy_Sanjaq,Fish,?
NWS_Aramaic_J_Sanandaj,Fish,2303
NWS_Aramaic_Miden,Fish,2303
NWS_Aramaic_Mlahso,Fish,?
NWS_Aramaic_Western_Maaloula,Fish,?
NWS_Aramaic_Mandaic_Neo,Fish,?
Ethio_Ge'ez,Fly,2401
Ethio_Tigre,Fly,2402
Ethio_Tigrinya,Fly,2402
Ethio_Harari,Fly,2401
Ethio_Chaha,Fly,2401
Ethio_Amharic,Fly,2401
NWS_Hebrew,Fly,2407
NWS_Ugaritic,Fly,?
ES_Akkadian,Fly,2406
Arabic_Levantine,Fly,2407
Arabic_Baghdadi,Fly,2407
Arabic_Moroccan,Fly,2407
Arabic_Ogaden,Fly,2407
MSA_Mehri,Fly,2408
MSA_Jibbali,Fly,2409
MSA_Soqotri,Fly,2408
NWS_Aramaic_Classical,Fly,2407
NWS_Aramaic_Barwar,Fly,2410
NWS_Aramaic_Qaraqosh,Fly,2410
NWS_Aramaic_J_Betanure,Fly,2410
NWS_Aramaic_J_Barzan,Fly,2410
NWS_Aramaic_Hertevin,Fly,2410
NWS_Aramaic_Jinnet,Fly,2410
NWS_Aramaic_Mer,Fly,2410
NWS_Aramaic_Urmi_C,Fly,2410
NWS_Aramaic_J_Koy_Sanjaq,Fly,2410
NWS_Aramaic_J_Sanandaj,Fly,2410
NWS_Aramaic_Miden,Fly,2410
NWS_Aramaic_Mlahso,Fly,2410
NWS_Aramaic_Western_Maaloula,Fly,?
NWS_Aramaic_Mandaic_Neo,Fly,2410
Ethio_Ge'ez,Foot,2501
Ethio_Tigre,Foot,2501
Ethio_Tigrinya,Foot,2501
Ethio_Harari,Foot,2501
Ethio_Chaha,Foot,2501
Ethio_Amharic,Foot,2501
NWS_Hebrew,Foot,2503
NWS_Ugaritic,Foot,2504
ES_Akkadian,Foot,2505
Arabic_Levantine,Foot,2511
Arabic_Baghdadi,Foot,2503
Arabic_Moroccan,Foot,2503
Arabic_Ogaden,Foot,2510
MSA_Mehri,Foot,2506
MSA_Jibbali,Foot,2507
MSA_Soqotri,Foot,2508
NWS_Aramaic_Classical,Foot,2503
NWS_Aramaic_Barwar,Foot,2510
NWS_Aramaic_Qaraqosh,Foot,2510
NWS_Aramaic_J_Betanure,Foot,2510
NWS_Aramaic_J_Barzan,Foot,2510
NWS_Aramaic_Hertevin,Foot,2510
NWS_Aramaic_Jinnet,Foot,2510
NWS_Aramaic_Mer,Foot,2510
NWS_Aramaic_Urmi_C,Foot,2510
NWS_Aramaic_J_Koy_Sanjaq,Foot,2510
NWS_Aramaic_J_Sanandaj,Foot,2510
NWS_Aramaic_Miden,Foot,2503
NWS_Aramaic_Mlahso,Foot,2503
NWS_Aramaic_Western_Maaloula,Foot,2503
NWS_Aramaic_Mandaic_Neo,Foot,2503
Ethio_Ge'ez,to give,2601
Ethio_Tigre,to give,2602
Ethio_Tigrinya,to give,2602
Ethio_Harari,to give,2603
Ethio_Chaha,to give,2602
Ethio_Amharic,to give,2603
NWS_Hebrew,to give,2604
NWS_Ugaritic,to give,2605
ES_Akkadian,to give,2604
Arabic_Levantine,to give,2607
Arabic_Baghdadi,to give,2607
Arabic_Moroccan,to give,2607
Arabic_Ogaden,to give,2602
MSA_Mehri,to give,2608
MSA_Jibbali,to give,2608
MSA_Soqotri,to give,2609
NWS_Aramaic_Classical,to give,2602
NWS_Aramaic_Barwar,to give,2610
NWS_Aramaic_Qaraqosh,to give,2610
NWS_Aramaic_J_Betanure,to give,2610
NWS_Aramaic_J_Barzan,to give,2610
NWS_Aramaic_Hertevin,to give,2602
NWS_Aramaic_Jinnet,to give,2610
NWS_Aramaic_Mer,to give,2610
NWS_Aramaic_Urmi_C,to give,2610
NWS_Aramaic_J_Koy_Sanjaq,to give,2610
NWS_Aramaic_J_Sanandaj,to give,2610
NWS_Aramaic_Miden,to give,2602
NWS_Aramaic_Mlahso,to give,2602
NWS_Aramaic_Western_Maaloula,to give,2602
NWS_Aramaic_Mandaic_Neo,to give,2602
Ethio_Ge'ez,to go,2701
Ethio_Tigre,to go,2702
Ethio_Tigrinya,to go,2703
Ethio_Harari,to go,2704
Ethio_Chaha,to go,2705
Ethio_Amharic,to go,2703
NWS_Hebrew,to go,2706
NWS_Ugaritic,to go,?
ES_Akkadian,to go,2707
Arabic_Levantine,to go,2709
Arabic_Baghdadi,to go,2709
Arabic_Moroccan,to go,2708
Arabic_Ogaden,to go,2709
MSA_Mehri,to go,2710
MSA_Jibbali,to go,2711
MSA_Soqotri,to go,2712
NWS_Aramaic_Classical,to go,2706
NWS_Aramaic_Barwar,to go,2706
NWS_Aramaic_Qaraqosh,to go,2706
NWS_Aramaic_J_Betanure,to go,2706
NWS_Aramaic_J_Barzan,to go,2706
NWS_Aramaic_Hertevin,to go,2706
NWS_Aramaic_Jinnet,to go,2706
NWS_Aramaic_Mer,to go,2706
NWS_Aramaic_Urmi_C,to go,2706
NWS_Aramaic_J_Koy_Sanjaq,to go,2706
NWS_Aramaic_J_Sanandaj,to go,2706
NWS_Aramaic_Miden,to go,2706
NWS_Aramaic_Mlahso,to go,2706
NWS_Aramaic_Western_Maaloula,to go,2706
NWS_Aramaic_Mandaic_Neo,to go,2706
Ethio_Ge'ez,good,2801
Ethio_Tigre,good,2802
Ethio_Tigrinya,good,2803
Ethio_Harari,good,2805
Ethio_Chaha,good,2807
Ethio_Amharic,good,2804
NWS_Hebrew,good,2809
NWS_Ugaritic,good,2809
ES_Akkadian,good,2810
Arabic_Levantine,good,2819
Arabic_Baghdadi,good,2818
Arabic_Moroccan,good,2811
Arabic_Ogaden,good,2809
MSA_Mehri,good,2812
MSA_Jibbali,good,2813
MSA_Soqotri,good,2814
NWS_Aramaic_Classical,good,2809
NWS_Aramaic_Barwar,good,?
NWS_Aramaic_Qaraqosh,good,2809
NWS_Aramaic_J_Betanure,good,2817
NWS_Aramaic_J_Barzan,good,2817
NWS_Aramaic_Hertevin,good,2809
NWS_Aramaic_Jinnet,good,?
NWS_Aramaic_Mer,good,2809
NWS_Aramaic_Urmi_C,good,?
NWS_Aramaic_J_Koy_Sanjaq,good,2817
NWS_Aramaic_J_Sanandaj,good,2817
NWS_Aramaic_Miden,good,2809
NWS_Aramaic_Mlahso,good,2818
NWS_Aramaic_Western_Maaloula,good,2809
NWS_Aramaic_Mandaic_Neo,good,2817
Ethio_Ge'ez,Grass,2901
Ethio_Tigre,Grass,2902
Ethio_Tigrinya,Grass,2902
Ethio_Harari,Grass,2902
Ethio_Chaha,Grass,2902
Ethio_Amharic,Grass,2902
NWS_Hebrew,Grass,2903
NWS_Ugaritic,Grass,?
ES_Akkadian,Grass,2903
Arabic_Levantine,Grass,2905
Arabic_Baghdadi,Grass,2911
Arabic_Moroccan,Grass,2904
Arabic_Ogaden,Grass,2905
MSA_Mehri,Grass,2906
MSA_Jibbali,Grass,2907
MSA_Soqotri,Grass,2909
NWS_Aramaic_Classical,Grass,2903
NWS_Aramaic_Barwar,Grass,2910
NWS_Aramaic_Qaraqosh,Grass,2910
NWS_Aramaic_J_Betanure,Grass,2910
NWS_Aramaic_J_Barzan,Grass,2910
NWS_Aramaic_Hertevin,Grass,2910
NWS_Aramaic_Jinnet,Grass,2910
NWS_Aramaic_Mer,Grass,2910
NWS_Aramaic_Urmi_C,Grass,2910
NWS_Aramaic_J_Koy_Sanjaq,Grass,2910
NWS_Aramaic_J_Sanandaj,Grass,2910
NWS_Aramaic_Miden,Grass,2910
NWS_Aramaic_Mlahso,Grass,?
NWS_Aramaic_Western_Maaloula,Grass,?
NWS_Aramaic_Mandaic_Neo,Grass,?
Ethio_Ge'ez,Hair,?
Ethio_Tigre,Hair,?
Ethio_Tigrinya,Hair,?
Ethio_Harari,Hair,?
Ethio_Chaha,Hair,3002
Ethio_Amharic,Hair,?
NWS_Hebrew,Hair,3002
NWS_Ugaritic,Hair,3003
ES_Akkadian,Hair,3003
Arabic_Levantine,Hair,3003
Arabic_Baghdadi,Hair,3003
Arabic_Moroccan,Hair,3003
Arabic_Ogaden,Hair,3003
MSA_Mehri,Hair,3004
MSA_Jibbali,Hair,3004
MSA_Soqotri,Hair,3004
NWS_Aramaic_Classical,Hair,3003
NWS_Aramaic_Barwar,Hair,3006
NWS_Aramaic_Qaraqosh,Hair,3006
NWS_Aramaic_J_Betanure,Hair,3007
NWS_Aramaic_J_Barzan,Hair,?
NWS_Aramaic_Hertevin,Hair,?
NWS_Aramaic_Jinnet,Hair,?
NWS_Aramaic_Mer,Hair,?
NWS_Aramaic_Urmi_C,Hair,3006
NWS_Aramaic_J_Koy_Sanjaq,Hair,?
NWS_Aramaic_J_Sanandaj,Hair,?
NWS_Aramaic_Miden,Hair,3003
NWS_Aramaic_Mlahso,Hair,?
NWS_Aramaic_Western_Maaloula,Hair,3003
NWS_Aramaic_Mandaic_Neo,Hair,3008
Ethio_Ge'ez,Hand,3101
Ethio_Tigre,Hand,3101
Ethio_Tigrinya,Hand,3101
Ethio_Harari,Hand,3101
Ethio_Chaha,Hand,3101
Ethio_Amharic,Hand,3101
NWS_Hebrew,Hand,3101
NWS_Ugaritic,Hand,3102
ES_Akkadian,Hand,3103
Arabic_Levantine,Hand,3102
Arabic_Baghdadi,Hand,3102
Arabic_Moroccan,Hand,3102
Arabic_Ogaden,Hand,3102
MSA_Mehri,Hand,3104
MSA_Jibbali,Hand,3105
MSA_Soqotri,Hand,3105
NWS_Aramaic_Classical,Hand,3102
NWS_Aramaic_Barwar,Hand,3102
NWS_Aramaic_Qaraqosh,Hand,3102
NWS_Aramaic_J_Betanure,Hand,3102
NWS_Aramaic_J_Barzan,Hand,3102
NWS_Aramaic_Hertevin,Hand,3102
NWS_Aramaic_Jinnet,Hand,3102
NWS_Aramaic_Mer,Hand,3102
NWS_Aramaic_Urmi_C,Hand,3102
NWS_Aramaic_J_Koy_Sanjaq,Hand,3102
NWS_Aramaic_J_Sanandaj,Hand,3102
NWS_Aramaic_Miden,Hand,3102
NWS_Aramaic_Mlahso,Hand,3102
NWS_Aramaic_Western_Maaloula,Hand,3102
NWS_Aramaic_Mandaic_Neo,Hand,3102
Ethio_Ge'ez,Heart,3201
Ethio_Tigre,Heart,3201
Ethio_Tigrinya,Heart,3201
Ethio_Harari,Heart,3201
Ethio_Chaha,Heart,3202
Ethio_Amharic,Heart,3201
NWS_Hebrew,Heart,3201
NWS_Ugaritic,Heart,3201
ES_Akkadian,Heart,3201
Arabic_Levantine,Heart,3203
Arabic_Baghdadi,Heart,3203
Arabic_Moroccan,Heart,3203
Arabic_Ogaden,Heart,3203
MSA_Mehri,Heart,?
MSA_Jibbali,Heart,3201
MSA_Soqotri,Heart,3201
NWS_Aramaic_Classical,Heart,3201
NWS_Aramaic_Barwar,Heart,3201
NWS_Aramaic_Qaraqosh,Heart,3201
NWS_Aramaic_J_Betanure,Heart,3201
NWS_Aramaic_J_Barzan,Heart,3201
NWS_Aramaic_Hertevin,Heart,3201
NWS_Aramaic_Jinnet,Heart,3201
NWS_Aramaic_Mer,Heart,3201
NWS_Aramaic_Urmi_C,Heart,3201
NWS_Aramaic_J_Koy_Sanjaq,Heart,3201
NWS_Aramaic_J_Sanandaj,Heart,3201
NWS_Aramaic_Miden,Heart,3201
NWS_Aramaic_Mlahso,Heart,3201
NWS_Aramaic_Western_Maaloula,Heart,3201
NWS_Aramaic_Mandaic_Neo,Heart,3201
Ethio_Ge'ez,I,3301
Ethio_Tigre,I,3302
Ethio_Tigrinya,I,3301
Ethio_Harari,I,3301
Ethio_Chaha,I,3302
Ethio_Amharic,I,3301
NWS_Hebrew,I,3301
NWS_Ugaritic,I,3301
ES_Akkadian,I,3301
Arabic_Levantine,I,3301
Arabic_Baghdadi,I,3301
Arabic_Moroccan,I,3301
Arabic_Ogaden,I,3301
MSA_Mehri,I,3303
MSA_Jibbali,I,3303
MSA_Soqotri,I,3303
NWS_Aramaic_Classical,I,3301
NWS_Aramaic_Barwar,I,3301
NWS_Aramaic_Qaraqosh,I,3301
NWS_Aramaic_J_Betanure,I,3301
NWS_Aramaic_J_Barzan,I,3301
NWS_Aramaic_Hertevin,I,3301
NWS_Aramaic_Jinnet,I,3301
NWS_Aramaic_Mer,I,3301
NWS_Aramaic_Urmi_C,I,3301
NWS_Aramaic_J_Koy_Sanjaq,I,3301
NWS_Aramaic_J_Sanandaj,I,3301
NWS_Aramaic_Miden,I,3301
NWS_Aramaic_Mlahso,I,3301
NWS_Aramaic_Western_Maaloula,I,3301
NWS_Aramaic_Mandaic_Neo,I,3301
Ethio_Ge'ez,to kill,3401
Ethio_Tigre,to kill,3402
Ethio_Tigrinya,to kill,3401
Ethio_Harari,to kill,3402
Ethio_Chaha,to kill,3401
Ethio_Amharic,to kill,3402
NWS_Hebrew,to kill,3403
NWS_Ugaritic,to kill,3403
ES_Akkadian,to kill,3404
Arabic_Levantine,to kill,3401
Arabic_Baghdadi,to kill,3401
Arabic_Moroccan,to kill,3401
Arabic_Ogaden,to kill,3401
MSA_Mehri,to kill,3405
MSA_Jibbali,to kill,3405
MSA_Soqotri,to kill,3405
NWS_Aramaic_Classical,to kill,3401
NWS_Aramaic_Barwar,to kill,3401
NWS_Aramaic_Qaraqosh,to kill,3401
NWS_Aramaic_J_Betanure,to kill,3401
NWS_Aramaic_J_Barzan,to kill,3401
NWS_Aramaic_Hertevin,to kill,3401
NWS_Aramaic_Jinnet,to kill,3401
NWS_Aramaic_Mer,to kill,3401
NWS_Aramaic_Urmi_C,to kill,3401
NWS_Aramaic_J_Koy_Sanjaq,to kill,3401
NWS_Aramaic_J_Sanandaj,to kill,3401
NWS_Aramaic_Miden,to kill,3401
NWS_Aramaic_Mlahso,to kill,3401
NWS_Aramaic_Western_Maaloula,to kill,3401
NWS_Aramaic_Mandaic_Neo,to kill,3401
Ethio_Ge'ez,to know,3501
Ethio_Tigre,to know,3504
Ethio_Tigrinya,to know,3503
Ethio_Harari,to know,?
Ethio_Chaha,to know,3506
Ethio_Amharic,to know,3504
NWS_Hebrew,to know,3507
NWS_Ugaritic,to know,3507
ES_Akkadian,to know,3507
Arabic_Levantine,to know,3508
Arabic_Baghdadi,to know,3508
Arabic_Moroccan,to know,3508
Arabic_Ogaden,to know,3508
MSA_Mehri,to know,3509
MSA_Jibbali,to know,3509
MSA_Soqotri,to know,3509
NWS_Aramaic_Classical,to know,3507
NWS_Aramaic_Barwar,to know,3507
NWS_Aramaic_Qaraqosh,to know,3507
NWS_Aramaic_J_Betanure,to know,3507
NWS_Aramaic_J_Barzan,to know,3507
NWS_Aramaic_Hertevin,to know,3507
NWS_Aramaic_Jinnet,to know,3507
NWS_Aramaic_Mer,to know,3507
NWS_Aramaic_Urmi_C,to know,3507
NWS_Aramaic_J_Koy_Sanjaq,to know,3507
NWS_Aramaic_J_Sanandaj,to know,3507
NWS_Aramaic_Miden,to know,3507
NWS_Aramaic_Mlahso,to know,3507
NWS_Aramaic_Western_Maaloula,to know,3507
NWS_Aramaic_Mandaic_Neo,to know,3507
Ethio_Ge'ez,Leaf,3601
Ethio_Tigre,Leaf,3601
Ethio_Tigrinya,Leaf,3601
Ethio_Harari,Leaf,3601
Ethio_Chaha,Leaf,3601
Ethio_Amharic,Leaf,3601
NWS_Hebrew,Leaf,3604
NWS_Ugaritic,Leaf,?
ES_Akkadian,Leaf,3606
Arabic_Levantine,Leaf,3607
Arabic_Baghdadi,Leaf,3607
Arabic_Moroccan,Leaf,3607
Arabic_Ogaden,Leaf,3607
MSA_Mehri,Leaf,?
MSA_Jibbali,Leaf,3608
MSA_Soqotri,Leaf,3609
NWS_Aramaic_Classical,Leaf,3605
NWS_Aramaic_Barwar,Leaf,3605
NWS_Aramaic_Qaraqosh,Leaf,3605
NWS_Aramaic_J_Betanure,Leaf,3605
NWS_Aramaic_J_Barzan,Leaf,3605
NWS_Aramaic_Hertevin,Leaf,3605
NWS_Aramaic_Jinnet,Leaf,3605
NWS_Aramaic_Mer,Leaf,3605
NWS_Aramaic_Urmi_C,Leaf,3605
NWS_Aramaic_J_Koy_Sanjaq,Leaf,3605
NWS_Aramaic_J_Sanandaj,Leaf,3605
NWS_Aramaic_Miden,Leaf,3605
NWS_Aramaic_Mlahso,Leaf,3605
NWS_Aramaic_Western_Maaloula,Leaf,3605
NWS_Aramaic_Mandaic_Neo,Leaf,?
Ethio_Ge'ez,Liver,3701
Ethio_Tigre,Liver,3703
Ethio_Tigrinya,Liver,3702
Ethio_Harari,Liver,3701
Ethio_Chaha,Liver,3701
Ethio_Amharic,Liver,3701
NWS_Hebrew,Liver,3701
NWS_Ugaritic,Liver,3701
ES_Akkadian,Liver,3701
Arabic_Levantine,Liver,3701
Arabic_Baghdadi,Liver,3701
Arabic_Moroccan,Liver,3701
Arabic_Ogaden,Liver,3701
MSA_Mehri,Liver,3701
MSA_Jibbali,Liver,3701
MSA_Soqotri,Liver,3701
NWS_Aramaic_Classical,Liver,3701
NWS_Aramaic_Barwar,Liver,3701
NWS_Aramaic_Qaraqosh,Liver,?
NWS_Aramaic_J_Betanure,Liver,3701
NWS_Aramaic_J_Barzan,Liver,?
NWS_Aramaic_Hertevin,Liver,?
NWS_Aramaic_Jinnet,Liver,?
NWS_Aramaic_Mer,Liver,3701
NWS_Aramaic_Urmi_C,Liver,?
NWS_Aramaic_J_Koy_Sanjaq,Liver,3701
NWS_Aramaic_J_Sanandaj,Liver,3701
NWS_Aramaic_Miden,Liver,?
NWS_Aramaic_Mlahso,Liver,?
NWS_Aramaic_Western_Maaloula,Liver,?
NWS_Aramaic_Mandaic_Neo,Liver,3701
Ethio_Ge'ez,Long,3801
Ethio_Tigre,Long,3802
Ethio_Tigrinya,Long,3801
Ethio_Harari,Long,3803
Ethio_Chaha,Long,3804
Ethio_Amharic,Long,3802
NWS_Hebrew,Long,3806
NWS_Ugaritic,Long,3806
ES_Akkadian,Long,3806
Arabic_Levantine,Long,3807
Arabic_Baghdadi,Long,3807
Arabic_Moroccan,Long,3807
Arabic_Ogaden,Long,3807
MSA_Mehri,Long,?
MSA_Jibbali,Long,3808
MSA_Soqotri,Long,3808
NWS_Aramaic_Classical,Long,3806
NWS_Aramaic_Barwar,Long,3806
NWS_Aramaic_Qaraqosh,Long,3806
NWS_Aramaic_J_Betanure,Long,3806
NWS_Aramaic_J_Barzan,Long,3806
NWS_Aramaic_Hertevin,Long,3806
NWS_Aramaic_Jinnet,Long,3806
NWS_Aramaic_Mer,Long,3806
NWS_Aramaic_Urmi_C,Long,3806
NWS_Aramaic_J_Koy_Sanjaq,Long,3806
NWS_Aramaic_J_Sanandaj,Long,3806
NWS_Aramaic_Miden,Long,3806
NWS_Aramaic_Mlahso,Long,3806
NWS_Aramaic_Western_Maaloula,Long,3806
NWS_Aramaic_Mandaic_Neo,Long,3806
Ethio_Ge'ez,Louse,3901
Ethio_Tigre,Louse,3901
Ethio_Tigrinya,Louse,3901
Ethio_Harari,Louse,3901
Ethio_Chaha,Louse,3901
Ethio_Amharic,Louse,3901
NWS_Hebrew,Louse,3902
NWS_Ugaritic,Louse,?
ES_Akkadian,Louse,3903
Arabic_Levantine,Louse,3901
Arabic_Baghdadi,Louse,3901
Arabic_Moroccan,Louse,3901
Arabic_Ogaden,Louse,3901
MSA_Mehri,Louse,3902
MSA_Jibbali,Louse,3902
MSA_Soqotri,Louse,3902
NWS_Aramaic_Classical,Louse,3901
NWS_Aramaic_Barwar,Louse,3901
NWS_Aramaic_Qaraqosh,Louse,3901
NWS_Aramaic_J_Betanure,Louse,3901
NWS_Aramaic_J_Barzan,Louse,3901
NWS_Aramaic_Hertevin,Louse,3901
NWS_Aramaic_Jinnet,Louse,3901
NWS_Aramaic_Mer,Louse,3901
NWS_Aramaic_Urmi_C,Louse,3901
NWS_Aramaic_J_Koy_Sanjaq,Louse,3901
NWS_Aramaic_J_Sanandaj,Louse,3901
NWS_Aramaic_Miden,Louse,3901
NWS_Aramaic_Mlahso,Louse,?
NWS_Aramaic_Western_Maaloula,Louse,?
NWS_Aramaic_Mandaic_Neo,Louse,3901
Ethio_Ge'ez,husband,4001
Ethio_Tigre,husband,4001
Ethio_Tigrinya,husband,4001
Ethio_Harari,husband,4001
Ethio_Chaha,husband,4001
Ethio_Amharic,husband,4001
NWS_Hebrew,husband,4002
NWS_Ugaritic,husband,?
ES_Akkadian,husband,4004
Arabic_Levantine,husband,?
Arabic_Baghdadi,husband,4005
Arabic_Moroccan,husband,4005
Arabic_Ogaden,husband,4005
MSA_Mehri,husband,4006
MSA_Jibbali,husband,4006
MSA_Soqotri,husband,4007
NWS_Aramaic_Classical,husband,4003
NWS_Aramaic_Barwar,husband,4003
NWS_Aramaic_Qaraqosh,husband,4003
NWS_Aramaic_J_Betanure,husband,4003
NWS_Aramaic_J_Barzan,husband,4003
NWS_Aramaic_Hertevin,husband,4003
NWS_Aramaic_Jinnet,husband,4003
NWS_Aramaic_Mer,husband,4003
NWS_Aramaic_Urmi_C,husband,4003
NWS_Aramaic_J_Koy_Sanjaq,husband,4003
NWS_Aramaic_J_Sanandaj,husband,4003
NWS_Aramaic_Miden,husband,4003
NWS_Aramaic_Mlahso,husband,4003
NWS_Aramaic_Western_Maaloula,husband,4003
NWS_Aramaic_Mandaic_Neo,husband,4003
Ethio_Ge'ez,Many,4101
Ethio_Tigre,Many,4101
Ethio_Tigrinya,Many,4101
Ethio_Harari,Many,4101
Ethio_Chaha,Many,4101
Ethio_Amharic,Many,4101
NWS_Hebrew,Many,4107
NWS_Ugaritic,Many,4108
ES_Akkadian,Many,4109
Arabic_Levantine,Many,4113
Arabic_Baghdadi,Many,4114
Arabic_Moroccan,Many,4110
Arabic_Ogaden,Many,4113
MSA_Mehri,Many,4111
MSA_Jibbali,Many,4111
MSA_Soqotri,Many,4112
NWS_Aramaic_Classical,Many,4108
NWS_Aramaic_Barwar,Many,4107
NWS_Aramaic_Qaraqosh,Many,4113
NWS_Aramaic_J_Betanure,Many,4107
NWS_Aramaic_J_Barzan,Many,4107
NWS_Aramaic_Hertevin,Many,?
NWS_Aramaic_Jinnet,Many,?
NWS_Aramaic_Mer,Many,?
NWS_Aramaic_Urmi_C,Many,4107
NWS_Aramaic_J_Koy_Sanjaq,Many,4107
NWS_Aramaic_J_Sanandaj,Many,4107
NWS_Aramaic_Miden,Many,?
NWS_Aramaic_Mlahso,Many,4108
NWS_Aramaic_Western_Maaloula,Many,?
NWS_Aramaic_Mandaic_Neo,Many,?
Ethio_Ge'ez,"meat, flesh",?
Ethio_Tigre,"meat, flesh",4201
Ethio_Tigrinya,"meat, flesh",?
Ethio_Harari,"meat, flesh",4202
Ethio_Chaha,"meat, flesh",4202
Ethio_Amharic,"meat, flesh",?
NWS_Hebrew,"meat, flesh",4202
NWS_Ugaritic,"meat, flesh",4202
ES_Akkadian,"meat, flesh",4204
Arabic_Levantine,"meat, flesh",4205
Arabic_Baghdadi,"meat, flesh",4205
Arabic_Moroccan,"meat, flesh",4205
Arabic_Ogaden,"meat, flesh",4205
MSA_Mehri,"meat, flesh",4206
MSA_Jibbali,"meat, flesh",4206
MSA_Soqotri,"meat, flesh",4206
NWS_Aramaic_Classical,"meat, flesh",4202
NWS_Aramaic_Barwar,"meat, flesh",4202
NWS_Aramaic_Qaraqosh,"meat, flesh",4202
NWS_Aramaic_J_Betanure,"meat, flesh",4202
NWS_Aramaic_J_Barzan,"meat, flesh",4202
NWS_Aramaic_Hertevin,"meat, flesh",4202
NWS_Aramaic_Jinnet,"meat, flesh",4202
NWS_Aramaic_Mer,"meat, flesh",4202
NWS_Aramaic_Urmi_C,"meat, flesh",4202
NWS_Aramaic_J_Koy_Sanjaq,"meat, flesh",4202
NWS_Aramaic_J_Sanandaj,"meat, flesh",4202
NWS_Aramaic_Miden,"meat, flesh",4202
NWS_Aramaic_Mlahso,"meat, flesh",4202
NWS_Aramaic_Western_Maaloula,"meat, flesh",4202
NWS_Aramaic_Mandaic_Neo,"meat, flesh",4202
Ethio_Ge'ez,moon,4301
Ethio_Tigre,moon,4302
Ethio_Tigrinya,moon,4301
Ethio_Harari,moon,4302
Ethio_Chaha,moon,4302
Ethio_Amharic,moon,4302
NWS_Hebrew,moon,4303
NWS_Ugaritic,moon,4303
ES_Akkadian,moon,4303
Arabic_Levantine,moon,4305
Arabic_Baghdadi,moon,4305
Arabic_Moroccan,moon,4305
Arabic_Ogaden,moon,4305
MSA_Mehri,moon,4301
MSA_Jibbali,moon,4304
MSA_Soqotri,moon,4304
NWS_Aramaic_Classical,moon,4304
NWS_Aramaic_Barwar,moon,4304
NWS_Aramaic_Qaraqosh,moon,4304
NWS_Aramaic_J_Betanure,moon,4304
NWS_Aramaic_J_Barzan,moon,4304
NWS_Aramaic_Hertevin,moon,4304
NWS_Aramaic_Jinnet,moon,4304
NWS_Aramaic_Mer,moon,4304
NWS_Aramaic_Urmi_C,moon,4304
NWS_Aramaic_J_Koy_Sanjaq,moon,4304
NWS_Aramaic_J_Sanandaj,moon,4304
NWS_Aramaic_Miden,moon,4304
NWS_Aramaic_Mlahso,moon,?
NWS_Aramaic_Western_Maaloula,moon,4304
NWS_Aramaic_Mandaic_Neo,moon,4304
Ethio_Ge'ez,Mountain,4401
Ethio_Tigre,Mountain,?
Ethio_Tigrinya,Mountain,4402
Ethio_Harari,Mountain,4404
Ethio_Chaha,Mountain,4406
Ethio_Amharic,Mountain,4403
NWS_Hebrew,Mountain,4407
NWS_Ugaritic,Mountain,4408
ES_Akkadian,Mountain,4410
Arabic_Levantine,Mountain,4411
Arabic_Baghdadi,Mountain,4411
Arabic_Moroccan,Mountain,4411
Arabic_Ogaden,Mountain,4411
MSA_Mehri,Mountain,?
MSA_Jibbali,Mountain,4411
MSA_Soqotri,Mountain,4412
NWS_Aramaic_Classical,Mountain,4409
NWS_Aramaic_Barwar,Mountain,4409
NWS_Aramaic_Qaraqosh,Mountain,4409
NWS_Aramaic_J_Betanure,Mountain,4409
NWS_Aramaic_J_Barzan,Mountain,4409
NWS_Aramaic_Hertevin,Mountain,4409
NWS_Aramaic_Jinnet,Mountain,4409
NWS_Aramaic_Mer,Mountain,4409
NWS_Aramaic_Urmi_C,Mountain,4409
NWS_Aramaic_J_Koy_Sanjaq,Mountain,4409
NWS_Aramaic_J_Sanandaj,Mountain,4409
NWS_Aramaic_Miden,Mountain,4409
NWS_Aramaic_Mlahso,Mountain,4409
NWS_Aramaic_Western_Maaloula,Mountain,4409
NWS_Aramaic_Mandaic_Neo,Mountain,4409
Ethio_Ge'ez,Mouth,4501
Ethio_Tigre,Mouth,4501
Ethio_Tigrinya,Mouth,4501
Ethio_Harari,Mouth,4501
Ethio_Chaha,Mouth,4501
Ethio_Amharic,Mouth,4501
NWS_Hebrew,Mouth,4502
NWS_Ugaritic,Mouth,4502
ES_Akkadian,Mouth,4502
Arabic_Levantine,Mouth,4506
Arabic_Baghdadi,Mouth,4507
Arabic_Moroccan,Mouth,4503
Arabic_Ogaden,Mouth,4503
MSA_Mehri,Mouth,4504
MSA_Jibbali,Mouth,4504
MSA_Soqotri,Mouth,4504
NWS_Aramaic_Classical,Mouth,4503
NWS_Aramaic_Barwar,Mouth,4503
NWS_Aramaic_Qaraqosh,Mouth,4505
NWS_Aramaic_J_Betanure,Mouth,4503
NWS_Aramaic_J_Barzan,Mouth,4503
NWS_Aramaic_Hertevin,Mouth,4503
NWS_Aramaic_Jinnet,Mouth,4505
NWS_Aramaic_Mer,Mouth,4505
NWS_Aramaic_Urmi_C,Mouth,4503
NWS_Aramaic_J_Koy_Sanjaq,Mouth,4503
NWS_Aramaic_J_Sanandaj,Mouth,4503
NWS_Aramaic_Miden,Mouth,4503
NWS_Aramaic_Mlahso,Mouth,4503
NWS_Aramaic_Western_Maaloula,Mouth,4506
NWS_Aramaic_Mandaic_Neo,Mouth,4503
Ethio_Ge'ez,Neck,4601
Ethio_Tigre,Neck,4603
Ethio_Tigrinya,Neck,4601
Ethio_Harari,Neck,4603
Ethio_Chaha,Neck,4603
Ethio_Amharic,Neck,4603
NWS_Hebrew,Neck,4604
NWS_Ugaritic,Neck,4605
ES_Akkadian,Neck,4601
Arabic_Levantine,Neck,4607
Arabic_Baghdadi,Neck,4607
Arabic_Moroccan,Neck,4606
Arabic_Ogaden,Neck,4607
MSA_Mehri,Neck,?
MSA_Jibbali,Neck,4608
MSA_Soqotri,Neck,4609
NWS_Aramaic_Classical,Neck,4604
NWS_Aramaic_Barwar,Neck,4610
NWS_Aramaic_Qaraqosh,Neck,4611
NWS_Aramaic_J_Betanure,Neck,4610
NWS_Aramaic_J_Barzan,Neck,4610
NWS_Aramaic_Hertevin,Neck,4610
NWS_Aramaic_Jinnet,Neck,4610
NWS_Aramaic_Mer,Neck,4610
NWS_Aramaic_Urmi_C,Neck,4610
NWS_Aramaic_J_Koy_Sanjaq,Neck,4611
NWS_Aramaic_J_Sanandaj,Neck,4611
NWS_Aramaic_Miden,Neck,4610
NWS_Aramaic_Mlahso,Neck,4610
NWS_Aramaic_Western_Maaloula,Neck,4610
NWS_Aramaic_Mandaic_Neo,Neck,4611
Ethio_Ge'ez,new (msg.),4701
Ethio_Tigre,new (msg.),4701
Ethio_Tigrinya,new (msg.),4701
Ethio_Harari,new (msg.),4701
Ethio_Chaha,new (msg.),4703
Ethio_Amharic,new (msg.),4701
NWS_Hebrew,new (msg.),4701
NWS_Ugaritic,new (msg.),?
ES_Akkadian,new (msg.),4701
Arabic_Levantine,new (msg.),4704
Arabic_Baghdadi,new (msg.),4704
Arabic_Moroccan,new (msg.),4704
Arabic_Ogaden,new (msg.),4704
MSA_Mehri,new (msg.),4705
MSA_Jibbali,new (msg.),4705
MSA_Soqotri,new (msg.),4704
NWS_Aramaic_Classical,new (msg.),4701
NWS_Aramaic_Barwar,new (msg.),4701
NWS_Aramaic_Qaraqosh,new (msg.),4701
NWS_Aramaic_J_Betanure,new (msg.),4701
NWS_Aramaic_J_Barzan,new (msg.),4701
NWS_Aramaic_Hertevin,new (msg.),4701
NWS_Aramaic_Jinnet,new (msg.),4701
NWS_Aramaic_Mer,new (msg.),4701
NWS_Aramaic_Urmi_C,new (msg.),4701
NWS_Aramaic_J_Koy_Sanjaq,new (msg.),4701
NWS_Aramaic_J_Sanandaj,new (msg.),4701
NWS_Aramaic_Miden,new (msg.),4701
NWS_Aramaic_Mlahso,new (msg.),4701
NWS_Aramaic_Western_Maaloula,new (msg.),4701
NWS_Aramaic_Mandaic_Neo,new (msg.),4701
Ethio_Ge'ez,Night,4801
Ethio_Tigre,Night,4802
Ethio_Tigrinya,Night,4801
Ethio_Harari,Night,4803
Ethio_Chaha,Night,4804
Ethio_Amharic,Night,4801
NWS_Hebrew,Night,4801
NWS_Ugaritic,Night,4801
ES_Akkadian,Night,4804
Arabic_Levantine,Night,4801
Arabic_Baghdadi,Night,4801
Arabic_Moroccan,Night,4801
Arabic_Ogaden,Night,4801
MSA_Mehri,Night,4801
MSA_Jibbali,Night,4805
MSA_Soqotri,Night,4806
NWS_Aramaic_Classical,Night,4801
NWS_Aramaic_Barwar,Night,4801
NWS_Aramaic_Qaraqosh,Night,4801
NWS_Aramaic_J_Betanure,Night,4801
NWS_Aramaic_J_Barzan,Night,4801
NWS_Aramaic_Hertevin,Night,4801
NWS_Aramaic_Jinnet,Night,4801
NWS_Aramaic_Mer,Night,4801
NWS_Aramaic_Urmi_C,Night,4801
NWS_Aramaic_J_Koy_Sanjaq,Night,4801
NWS_Aramaic_J_Sanandaj,Night,4801
NWS_Aramaic_Miden,Night,4801
NWS_Aramaic_Mlahso,Night,4801
NWS_Aramaic_Western_Maaloula,Night,4801
NWS_Aramaic_Mandaic_Neo,Night,4801
Ethio_Ge'ez,nose,4901
Ethio_Tigre,nose,4902
Ethio_Tigrinya,nose,4901
Ethio_Harari,nose,4902
Ethio_Chaha,nose,4901
Ethio_Amharic,nose,4902
NWS_Hebrew,nose,4901
NWS_Ugaritic,nose,4901
ES_Akkadian,nose,4901
Arabic_Levantine,nose,4904
Arabic_Baghdadi,nose,4906
Arabic_Moroccan,nose,4901
Arabic_Ogaden,nose,4901
MSA_Mehri,nose,4904
MSA_Jibbali,nose,4904
MSA_Soqotri,nose,4904
NWS_Aramaic_Classical,nose,4904
NWS_Aramaic_Barwar,nose,4904
NWS_Aramaic_Qaraqosh,nose,4904
NWS_Aramaic_J_Betanure,nose,4904
NWS_Aramaic_J_Barzan,nose,4904
NWS_Aramaic_Hertevin,nose,?
NWS_Aramaic_Jinnet,nose,4904
NWS_Aramaic_Mer,nose,4904
NWS_Aramaic_Urmi_C,nose,4904
NWS_Aramaic_J_Koy_Sanjaq,nose,4905
NWS_Aramaic_J_Sanandaj,nose,4905
NWS_Aramaic_Miden,nose,4904
NWS_Aramaic_Mlahso,nose,4904
NWS_Aramaic_Western_Maaloula,nose,4904
NWS_Aramaic_Mandaic_Neo,nose,4904
Ethio_Ge'ez,one,5001
Ethio_Tigre,one,5001
Ethio_Tigrinya,one,5001
Ethio_Harari,one,5001
Ethio_Chaha,one,5001
Ethio_Amharic,one,5001
NWS_Hebrew,one,5001
NWS_Ugaritic,one,5001
ES_Akkadian,one,5004
Arabic_Levantine,one,5001
Arabic_Baghdadi,one,5001
Arabic_Moroccan,one,5001
Arabic_Ogaden,one,5001
MSA_Mehri,one,5005
MSA_Jibbali,one,5005
MSA_Soqotri,one,5005
NWS_Aramaic_Classical,one,5001
NWS_Aramaic_Barwar,one,5001
NWS_Aramaic_Qaraqosh,one,5001
NWS_Aramaic_J_Betanure,one,5001
NWS_Aramaic_J_Barzan,one,5001
NWS_Aramaic_Hertevin,one,5001
NWS_Aramaic_Jinnet,one,5001
NWS_Aramaic_Mer,one,5001
NWS_Aramaic_Urmi_C,one,5001
NWS_Aramaic_J_Koy_Sanjaq,one,5001
NWS_Aramaic_J_Sanandaj,one,5001
NWS_Aramaic_Miden,one,5001
NWS_Aramaic_Mlahso,one,5001
NWS_Aramaic_Western_Maaloula,one,5001
NWS_Aramaic_Mandaic_Neo,one,5001
Ethio_Ge'ez,rain,5101
Ethio_Tigre,rain,5101
Ethio_Tigrinya,rain,5102
Ethio_Harari,rain,5101
Ethio_Chaha,rain,5101
Ethio_Amharic,rain,5101
NWS_Hebrew,rain,5104
NWS_Ugaritic,rain,5104
ES_Akkadian,rain,5101
Arabic_Levantine,rain,5105
Arabic_Baghdadi,rain,5109
Arabic_Moroccan,rain,5105
Arabic_Ogaden,rain,5109
MSA_Mehri,rain,5106
MSA_Jibbali,rain,5107
MSA_Soqotri,rain,5107
NWS_Aramaic_Classical,rain,5109
NWS_Aramaic_Barwar,rain,5109
NWS_Aramaic_Qaraqosh,rain,5109
NWS_Aramaic_J_Betanure,rain,5110
NWS_Aramaic_J_Barzan,rain,5109
NWS_Aramaic_Hertevin,rain,5110
NWS_Aramaic_Jinnet,rain,5109
NWS_Aramaic_Mer,rain,5110
NWS_Aramaic_Urmi_C,rain,5109
NWS_Aramaic_J_Koy_Sanjaq,rain,5109
NWS_Aramaic_J_Sanandaj,rain,5111
NWS_Aramaic_Miden,rain,5109
NWS_Aramaic_Mlahso,rain,5109
NWS_Aramaic_Western_Maaloula,rain,5109
NWS_Aramaic_Mandaic_Neo,rain,5110
Ethio_Ge'ez,red,5201
Ethio_Tigre,red,5201
Ethio_Tigrinya,red,5201
Ethio_Harari,red,5201
Ethio_Chaha,red,?
Ethio_Amharic,red,5201
NWS_Hebrew,red,5203
NWS_Ugaritic,red,5203
ES_Akkadian,red,5205
Arabic_Levantine,red,5206
Arabic_Baghdadi,red,5206
Arabic_Moroccan,red,5206
Arabic_Ogaden,red,5206
MSA_Mehri,red,5207
MSA_Jibbali,red,5207
MSA_Soqotri,red,5207
NWS_Aramaic_Classical,red,5204
NWS_Aramaic_Barwar,red,5204
NWS_Aramaic_Qaraqosh,red,5204
NWS_Aramaic_J_Betanure,red,5204
NWS_Aramaic_J_Barzan,red,5204
NWS_Aramaic_Hertevin,red,5204
NWS_Aramaic_Jinnet,red,5204
NWS_Aramaic_Mer,red,5204
NWS_Aramaic_Urmi_C,red,5204
NWS_Aramaic_J_Koy_Sanjaq,red,5204
NWS_Aramaic_J_Sanandaj,red,5204
NWS_Aramaic_Miden,red,5204
NWS_Aramaic_Mlahso,red,5204
NWS_Aramaic_Western_Maaloula,red,5204
NWS_Aramaic_Mandaic_Neo,red,5204
Ethio_Ge'ez,Root,5301
Ethio_Tigre,Root,5301
Ethio_Tigrinya,Root,5301
Ethio_Harari,Root,5301
Ethio_Chaha,Root,5301
Ethio_Amharic,Root,5301
NWS_Hebrew,Root,5305
NWS_Ugaritic,Root,5305
ES_Akkadian,Root,5305
Arabic_Levantine,Root,5305
Arabic_Baghdadi,Root,5309
Arabic_Moroccan,Root,5306
Arabic_Ogaden,Root,5306
MSA_Mehri,Root,5307
MSA_Jibbali,Root,5307
MSA_Soqotri,Root,5308
NWS_Aramaic_Classical,Root,5305
NWS_Aramaic_Barwar,Root,5309
NWS_Aramaic_Qaraqosh,Root,5310
NWS_Aramaic_J_Betanure,Root,5309
NWS_Aramaic_J_Barzan,Root,5309
NWS_Aramaic_Hertevin,Root,5309
NWS_Aramaic_Jinnet,Root,5310
NWS_Aramaic_Mer,Root,5309
NWS_Aramaic_Urmi_C,Root,5309
NWS_Aramaic_J_Koy_Sanjaq,Root,5309
NWS_Aramaic_J_Sanandaj,Root,?
NWS_Aramaic_Miden,Root,5310
NWS_Aramaic_Mlahso,Root,?
NWS_Aramaic_Western_Maaloula,Root,?
NWS_Aramaic_Mandaic_Neo,Root,?
Ethio_Ge'ez,to say,5401
Ethio_Tigre,to say,5402
Ethio_Tigrinya,to say,5401
Ethio_Harari,to say,5401
Ethio_Chaha,to say,5401
Ethio_Amharic,to say,5402
NWS_Hebrew,to say,5404
NWS_Ugaritic,to say,5405
ES_Akkadian,to say,5406
Arabic_Levantine,to say,5407
Arabic_Baghdadi,to say,5407
Arabic_Moroccan,to say,5407
Arabic_Ogaden,to say,5407
MSA_Mehri,to say,5404
MSA_Jibbali,to say,5408
MSA_Soqotri,to say,5404
NWS_Aramaic_Classical,to say,5404
NWS_Aramaic_Barwar,to say,5404
NWS_Aramaic_Qaraqosh,to say,5404
NWS_Aramaic_J_Betanure,to say,5404
NWS_Aramaic_J_Barzan,to say,5404
NWS_Aramaic_Hertevin,to say,5404
NWS_Aramaic_Jinnet,to say,5404
NWS_Aramaic_Mer,to say,5404
NWS_Aramaic_Urmi_C,to say,5404
NWS_Aramaic_J_Koy_Sanjaq,to say,5404
NWS_Aramaic_J_Sanandaj,to say,5404
NWS_Aramaic_Miden,to say,5404
NWS_Aramaic_Mlahso,to say,5404
NWS_Aramaic_Western_Maaloula,to say,5404
NWS_Aramaic_Mandaic_Neo,to say,5404
Ethio_Ge'ez,to see,5501
Ethio_Tigre,to see,5503
Ethio_Tigrinya,to see,5501
Ethio_Harari,to see,5501
Ethio_Chaha,to see,5503
Ethio_Amharic,to see,5502
NWS_Hebrew,to see,5501
NWS_Ugaritic,to see,5505
ES_Akkadian,to see,5506
Arabic_Levantine,to see,5507
Arabic_Baghdadi,to see,5507
Arabic_Moroccan,to see,5507
Arabic_Ogaden,to see,5507
MSA_Mehri,to see,5508
MSA_Jibbali,to see,5509
MSA_Soqotri,to see,5510
NWS_Aramaic_Classical,to see,5503
NWS_Aramaic_Barwar,to see,5503
NWS_Aramaic_Qaraqosh,to see,5503
NWS_Aramaic_J_Betanure,to see,5503
NWS_Aramaic_J_Barzan,to see,5503
NWS_Aramaic_Hertevin,to see,5503
NWS_Aramaic_Jinnet,to see,5503
NWS_Aramaic_Mer,to see,5503
NWS_Aramaic_Urmi_C,to see,5503
NWS_Aramaic_J_Koy_Sanjaq,to see,5503
NWS_Aramaic_J_Sanandaj,to see,5503
NWS_Aramaic_Miden,to see,5503
NWS_Aramaic_Mlahso,to see,5503
NWS_Aramaic_Western_Maaloula,to see,5511
NWS_Aramaic_Mandaic_Neo,to see,5503
Ethio_Ge'ez,to sit,5601
Ethio_Tigre,to sit,5604
Ethio_Tigrinya,to sit,5602
Ethio_Harari,to sit,5605
Ethio_Chaha,to sit,5607
Ethio_Amharic,to sit,5603
NWS_Hebrew,to sit,5608
NWS_Ugaritic,to sit,5608
ES_Akkadian,to sit,5608
Arabic_Levantine,to sit,5613
Arabic_Baghdadi,to sit,5613
Arabic_Moroccan,to sit,5609
Arabic_Ogaden,to sit,5609
MSA_Mehri,to sit,5610
MSA_Jibbali,to sit,5611
MSA_Soqotri,to sit,5612
NWS_Aramaic_Classical,to sit,5608
NWS_Aramaic_Barwar,to sit,5608
NWS_Aramaic_Qaraqosh,to sit,5608
NWS_Aramaic_J_Betanure,to sit,5608
NWS_Aramaic_J_Barzan,to sit,5608
NWS_Aramaic_Hertevin,to sit,5608
NWS_Aramaic_Jinnet,to sit,5608
NWS_Aramaic_Mer,to sit,5608
NWS_Aramaic_Urmi_C,to sit,5608
NWS_Aramaic_J_Koy_Sanjaq,to sit,5608
NWS_Aramaic_J_Sanandaj,to sit,5608
NWS_Aramaic_Miden,to sit,5608
NWS_Aramaic_Mlahso,to sit,5608
NWS_Aramaic_Western_Maaloula,to sit,5608
NWS_Aramaic_Mandaic_Neo,to sit,5608
Ethio_Ge'ez,Skin,5701
Ethio_Tigre,Skin,?
Ethio_Tigrinya,Skin,?
Ethio_Harari,Skin,?
Ethio_Chaha,Skin,?
Ethio_Amharic,Skin,?
NWS_Hebrew,Skin,5702
NWS_Ugaritic,Skin,?
ES_Akkadian,Skin,5703
Arabic_Levantine,Skin,5708
Arabic_Baghdadi,Skin,5708
Arabic_Moroccan,Skin,5704
Arabic_Ogaden,Skin,5707
MSA_Mehri,Skin,5705
MSA_Jibbali,Skin,5706
MSA_Soqotri,Skin,5706
NWS_Aramaic_Classical,Skin,5703
NWS_Aramaic_Barwar,Skin,5708
NWS_Aramaic_Qaraqosh,Skin,5708
NWS_Aramaic_J_Betanure,Skin,5708
NWS_Aramaic_J_Barzan,Skin,5708
NWS_Aramaic_Hertevin,Skin,5708
NWS_Aramaic_Jinnet,Skin,5708
NWS_Aramaic_Mer,Skin,5708
NWS_Aramaic_Urmi_C,Skin,5708
NWS_Aramaic_J_Koy_Sanjaq,Skin,5708
NWS_Aramaic_J_Sanandaj,Skin,5703
NWS_Aramaic_Miden,Skin,5708
NWS_Aramaic_Mlahso,Skin,?
NWS_Aramaic_Western_Maaloula,Skin,5708
NWS_Aramaic_Mandaic_Neo,Skin,5703
Ethio_Ge'ez,to sleep,5801
Ethio_Tigre,to sleep,5804
Ethio_Tigrinya,to sleep,5803
Ethio_Harari,to sleep,5805
Ethio_Chaha,to sleep,5805
Ethio_Amharic,to sleep,5804
NWS_Hebrew,to sleep,5808
NWS_Ugaritic,to sleep,5808
ES_Akkadian,to sleep,5810
Arabic_Levantine,to sleep,5801
Arabic_Baghdadi,to sleep,5801
Arabic_Moroccan,to sleep,5811
Arabic_Ogaden,to sleep,5814
MSA_Mehri,to sleep,5812
MSA_Jibbali,to sleep,5813
MSA_Soqotri,to sleep,5813
NWS_Aramaic_Classical,to sleep,5809
NWS_Aramaic_Barwar,to sleep,5809
NWS_Aramaic_Qaraqosh,to sleep,5809
NWS_Aramaic_J_Betanure,to sleep,5809
NWS_Aramaic_J_Barzan,to sleep,5809
NWS_Aramaic_Hertevin,to sleep,5809
NWS_Aramaic_Jinnet,to sleep,5809
NWS_Aramaic_Mer,to sleep,5809
NWS_Aramaic_Urmi_C,to sleep,5809
NWS_Aramaic_J_Koy_Sanjaq,to sleep,5809
NWS_Aramaic_J_Sanandaj,to sleep,5809
NWS_Aramaic_Miden,to sleep,5809
NWS_Aramaic_Mlahso,to sleep,5809
NWS_Aramaic_Western_Maaloula,to sleep,5809
NWS_Aramaic_Mandaic_Neo,to sleep,5815
Ethio_Ge'ez,small,5901
Ethio_Tigre,small,5903
Ethio_Tigrinya,small,5901
Ethio_Harari,small,5904
Ethio_Chaha,small,5902
Ethio_Amharic,small,5902
NWS_Hebrew,small,5908
NWS_Ugaritic,small,5909
ES_Akkadian,small,5911
Arabic_Levantine,small,5909
Arabic_Baghdadi,small,5909
Arabic_Moroccan,small,5909
Arabic_Ogaden,small,5909
MSA_Mehri,small,5912
MSA_Jibbali,small,5913
MSA_Soqotri,small,5912
NWS_Aramaic_Classical,small,5909
NWS_Aramaic_Barwar,small,5909
NWS_Aramaic_Qaraqosh,small,5909
NWS_Aramaic_J_Betanure,small,5909
NWS_Aramaic_J_Barzan,small,5909
NWS_Aramaic_Hertevin,small,5909
NWS_Aramaic_Jinnet,small,5909
NWS_Aramaic_Mer,small,5909
NWS_Aramaic_Urmi_C,small,5909
NWS_Aramaic_J_Koy_Sanjaq,small,5909
NWS_Aramaic_J_Sanandaj,small,5909
NWS_Aramaic_Miden,small,5909
NWS_Aramaic_Mlahso,small,5909
NWS_Aramaic_Western_Maaloula,small,5909
NWS_Aramaic_Mandaic_Neo,small,5914
Ethio_Ge'ez,smoke,?
Ethio_Tigre,smoke,?
Ethio_Tigrinya,smoke,6002
Ethio_Harari,smoke,6001
Ethio_Chaha,smoke,6001
Ethio_Amharic,smoke,?
NWS_Hebrew,smoke,6003
NWS_Ugaritic,smoke,6004
ES_Akkadian,smoke,6005
Arabic_Levantine,smoke,6006
Arabic_Baghdadi,smoke,6006
Arabic_Moroccan,smoke,6006
Arabic_Ogaden,smoke,6006
MSA_Mehri,smoke,6007
MSA_Jibbali,smoke,6007
MSA_Soqotri,smoke,6008
NWS_Aramaic_Classical,smoke,6001
NWS_Aramaic_Barwar,smoke,6001
NWS_Aramaic_Qaraqosh,smoke,6001
NWS_Aramaic_J_Betanure,smoke,6001
NWS_Aramaic_J_Barzan,smoke,6001
NWS_Aramaic_Hertevin,smoke,6001
NWS_Aramaic_Jinnet,smoke,6001
NWS_Aramaic_Mer,smoke,6001
NWS_Aramaic_Urmi_C,smoke,6001
NWS_Aramaic_J_Koy_Sanjaq,smoke,6001
NWS_Aramaic_J_Sanandaj,smoke,6001
NWS_Aramaic_Miden,smoke,6001
NWS_Aramaic_Mlahso,smoke,6001
NWS_Aramaic_Western_Maaloula,smoke,6001
NWS_Aramaic_Mandaic_Neo,smoke,?
Ethio_Ge'ez,to stand,6101
Ethio_Tigre,to stand,6101
Ethio_Tigrinya,to stand,6103
Ethio_Harari,to stand,6104
Ethio_Chaha,to stand,6101
Ethio_Amharic,to stand,6101
NWS_Hebrew,to stand,6106
NWS_Ugaritic,to stand,?
ES_Akkadian,to stand,6108
Arabic_Levantine,to stand,6109
Arabic_Baghdadi,to stand,6109
Arabic_Moroccan,to stand,6109
Arabic_Ogaden,to stand,6101
MSA_Mehri,to stand,6110
MSA_Jibbali,to stand,6110
MSA_Soqotri,to stand,6112
NWS_Aramaic_Classical,to stand,6101
NWS_Aramaic_Barwar,to stand,6113
NWS_Aramaic_Qaraqosh,to stand,6114
NWS_Aramaic_J_Betanure,to stand,6115
NWS_Aramaic_J_Barzan,to stand,6115
NWS_Aramaic_Hertevin,to stand,6113
NWS_Aramaic_Jinnet,to stand,6113
NWS_Aramaic_Mer,to stand,6113
NWS_Aramaic_Urmi_C,to stand,6113
NWS_Aramaic_J_Koy_Sanjaq,to stand,6115
NWS_Aramaic_J_Sanandaj,to stand,6114
NWS_Aramaic_Miden,to stand,6113
NWS_Aramaic_Mlahso,to stand,6113
NWS_Aramaic_Western_Maaloula,to stand,?
NWS_Aramaic_Mandaic_Neo,to stand,?
Ethio_Ge'ez,star,6201
Ethio_Tigre,star,6201
Ethio_Tigrinya,star,6201
Ethio_Harari,star,6202
Ethio_Chaha,star,6201
Ethio_Amharic,star,6201
NWS_Hebrew,star,6201
NWS_Ugaritic,star,6201
ES_Akkadian,star,6201
Arabic_Levantine,star,6204
Arabic_Baghdadi,star,6204
Arabic_Moroccan,star,6204
Arabic_Ogaden,star,6201
MSA_Mehri,star,6204
MSA_Jibbali,star,6201
MSA_Soqotri,star,6201
NWS_Aramaic_Classical,star,6201
NWS_Aramaic_Barwar,star,6201
NWS_Aramaic_Qaraqosh,star,6201
NWS_Aramaic_J_Betanure,star,6201
NWS_Aramaic_J_Barzan,star,6201
NWS_Aramaic_Hertevin,star,6201
NWS_Aramaic_Jinnet,star,6201
NWS_Aramaic_Mer,star,6201
NWS_Aramaic_Urmi_C,star,6201
NWS_Aramaic_J_Koy_Sanjaq,star,6201
NWS_Aramaic_J_Sanandaj,star,6201
NWS_Aramaic_Miden,star,6201
NWS_Aramaic_Mlahso,star,6201
NWS_Aramaic_Western_Maaloula,star,6201
NWS_Aramaic_Mandaic_Neo,star,6201
Ethio_Ge'ez,stone,6301
Ethio_Tigre,stone,6302
Ethio_Tigrinya,stone,6301
Ethio_Harari,stone,6301
Ethio_Chaha,stone,6301
Ethio_Amharic,stone,6302
NWS_Hebrew,stone,6301
NWS_Ugaritic,stone,6301
ES_Akkadian,stone,6301
Arabic_Levantine,stone,6304
Arabic_Baghdadi,stone,6304
Arabic_Moroccan,stone,6304
Arabic_Ogaden,stone,6304
MSA_Mehri,stone,6305
MSA_Jibbali,stone,6306
MSA_Soqotri,stone,6301
NWS_Aramaic_Classical,stone,6303
NWS_Aramaic_Barwar,stone,6303
NWS_Aramaic_Qaraqosh,stone,6303
NWS_Aramaic_J_Betanure,stone,6303
NWS_Aramaic_J_Barzan,stone,6303
NWS_Aramaic_Hertevin,stone,6303
NWS_Aramaic_Jinnet,stone,6303
NWS_Aramaic_Mer,stone,6303
NWS_Aramaic_Urmi_C,stone,6303
NWS_Aramaic_J_Koy_Sanjaq,stone,6303
NWS_Aramaic_J_Sanandaj,stone,6303
NWS_Aramaic_Miden,stone,6303
NWS_Aramaic_Mlahso,stone,6303
NWS_Aramaic_Western_Maaloula,stone,6303
NWS_Aramaic_Mandaic_Neo,stone,6303
Ethio_Ge'ez,Sun,6401
Ethio_Tigre,Sun,6401
Ethio_Tigrinya,Sun,6401
Ethio_Harari,Sun,?
Ethio_Chaha,Sun,6404
Ethio_Amharic,Sun,6401
NWS_Hebrew,Sun,6405
NWS_Ugaritic,Sun,6405
ES_Akkadian,Sun,6405
Arabic_Levantine,Sun,6405
Arabic_Baghdadi,Sun,6405
Arabic_Moroccan,Sun,6405
Arabic_Ogaden,Sun,6405
MSA_Mehri,Sun,6406
MSA_Jibbali,Sun,6407
MSA_Soqotri,Sun,6407
NWS_Aramaic_Classical,Sun,6405
NWS_Aramaic_Barwar,Sun,6405
NWS_Aramaic_Qaraqosh,Sun,6405
NWS_Aramaic_J_Betanure,Sun,6405
NWS_Aramaic_J_Barzan,Sun,6405
NWS_Aramaic_Hertevin,Sun,6405
NWS_Aramaic_Jinnet,Sun,6405
NWS_Aramaic_Mer,Sun,6405
NWS_Aramaic_Urmi_C,Sun,6405
NWS_Aramaic_J_Koy_Sanjaq,Sun,6405
NWS_Aramaic_J_Sanandaj,Sun,6405
NWS_Aramaic_Miden,Sun,6405
NWS_Aramaic_Mlahso,Sun,6405
NWS_Aramaic_Western_Maaloula,Sun,6405
NWS_Aramaic_Mandaic_Neo,Sun,6405
Ethio_Ge'ez,to swim,6501
Ethio_Tigre,to swim,6501
Ethio_Tigrinya,to swim,?
Ethio_Harari,to swim,6502
Ethio_Chaha,to swim,6505
Ethio_Amharic,to swim,6501
NWS_Hebrew,to swim,6506
NWS_Ugaritic,to swim,?
ES_Akkadian,to swim,6507
Arabic_Levantine,to swim,6509
Arabic_Baghdadi,to swim,6509
Arabic_Moroccan,to swim,6508
Arabic_Ogaden,to swim,6509
MSA_Mehri,to swim,6509
MSA_Jibbali,to swim,6510
MSA_Soqotri,to swim,6509
NWS_Aramaic_Classical,to swim,6506
NWS_Aramaic_Barwar,to swim,6506
NWS_Aramaic_Qaraqosh,to swim,6506
NWS_Aramaic_J_Betanure,to swim,6506
NWS_Aramaic_J_Barzan,to swim,6506
NWS_Aramaic_Hertevin,to swim,6506
NWS_Aramaic_Jinnet,to swim,6506
NWS_Aramaic_Mer,to swim,6506
NWS_Aramaic_Urmi_C,to swim,6506
NWS_Aramaic_J_Koy_Sanjaq,to swim,6506
NWS_Aramaic_J_Sanandaj,to swim,6506
NWS_Aramaic_Miden,to swim,6506
NWS_Aramaic_Mlahso,to swim,6506
NWS_Aramaic_Western_Maaloula,to swim,6506
NWS_Aramaic_Mandaic_Neo,to swim,6506
Ethio_Ge'ez,this msg,6601
Ethio_Tigre,this msg,6603
Ethio_Tigrinya,this msg,6601
Ethio_Harari,this msg,6601
Ethio_Chaha,this msg,6601
Ethio_Amharic,this msg,6601
NWS_Hebrew,this msg,6605
NWS_Ugaritic,this msg,6606
ES_Akkadian,this msg,6604
Arabic_Levantine,this msg,6605
Arabic_Baghdadi,this msg,6605
Arabic_Moroccan,this msg,6605
Arabic_Ogaden,this msg,6605
MSA_Mehri,this msg,6601
MSA_Jibbali,this msg,6601
MSA_Soqotri,this msg,6601
NWS_Aramaic_Classical,this msg,6601
NWS_Aramaic_Barwar,this msg,6607
NWS_Aramaic_Qaraqosh,this msg,6605
NWS_Aramaic_J_Betanure,this msg,6609
NWS_Aramaic_J_Barzan,this msg,6608
NWS_Aramaic_Hertevin,this msg,6609
NWS_Aramaic_Jinnet,this msg,6609
NWS_Aramaic_Mer,this msg,6607
NWS_Aramaic_Urmi_C,this msg,6609
NWS_Aramaic_J_Koy_Sanjaq,this msg,6608
NWS_Aramaic_J_Sanandaj,this msg,6608
NWS_Aramaic_Miden,this msg,6604
NWS_Aramaic_Mlahso,this msg,6604
NWS_Aramaic_Western_Maaloula,this msg,6604
NWS_Aramaic_Mandaic_Neo,this msg,6609
Ethio_Ge'ez,tooth,6701
Ethio_Tigre,tooth,6701
Ethio_Tigrinya,tooth,6701
Ethio_Harari,tooth,6701
Ethio_Chaha,tooth,6701
Ethio_Amharic,tooth,6703
NWS_Hebrew,tooth,6701
NWS_Ugaritic,tooth,6701
ES_Akkadian,tooth,6701
Arabic_Levantine,tooth,6701
Arabic_Baghdadi,tooth,6701
Arabic_Moroccan,tooth,6701
Arabic_Ogaden,tooth,6701
MSA_Mehri,tooth,6705
MSA_Jibbali,tooth,6701
MSA_Soqotri,tooth,6706
NWS_Aramaic_Classical,tooth,6701
NWS_Aramaic_Barwar,tooth,6707
NWS_Aramaic_Qaraqosh,tooth,6707
NWS_Aramaic_J_Betanure,tooth,6707
NWS_Aramaic_J_Barzan,tooth,6707
NWS_Aramaic_Hertevin,tooth,6707
NWS_Aramaic_Jinnet,tooth,6707
NWS_Aramaic_Mer,tooth,6707
NWS_Aramaic_Urmi_C,tooth,6707
NWS_Aramaic_J_Koy_Sanjaq,tooth,6707
NWS_Aramaic_J_Sanandaj,tooth,6707
NWS_Aramaic_Miden,tooth,6708
NWS_Aramaic_Mlahso,tooth,6708
NWS_Aramaic_Western_Maaloula,tooth,6701
NWS_Aramaic_Mandaic_Neo,tooth,6701
Ethio_Ge'ez,Tree,6801
Ethio_Tigre,Tree,?
Ethio_Tigrinya,Tree,6802
Ethio_Harari,Tree,6804
Ethio_Chaha,Tree,6801
Ethio_Amharic,Tree,?
NWS_Hebrew,Tree,6801
NWS_Ugaritic,Tree,6801
ES_Akkadian,Tree,6801
Arabic_Levantine,Tree,6809
Arabic_Baghdadi,Tree,6809
Arabic_Moroccan,Tree,6809
Arabic_Ogaden,Tree,6809
MSA_Mehri,Tree,?
MSA_Jibbali,Tree,6810
MSA_Soqotri,Tree,6810
NWS_Aramaic_Classical,Tree,6808
NWS_Aramaic_Barwar,Tree,6808
NWS_Aramaic_Qaraqosh,Tree,6808
NWS_Aramaic_J_Betanure,Tree,6808
NWS_Aramaic_J_Barzan,Tree,6811
NWS_Aramaic_Hertevin,Tree,6808
NWS_Aramaic_Jinnet,Tree,6808
NWS_Aramaic_Mer,Tree,6808
NWS_Aramaic_Urmi_C,Tree,6808
NWS_Aramaic_J_Koy_Sanjaq,Tree,6808
NWS_Aramaic_J_Sanandaj,Tree,6808
NWS_Aramaic_Miden,Tree,?
NWS_Aramaic_Mlahso,Tree,?
NWS_Aramaic_Western_Maaloula,Tree,?
NWS_Aramaic_Mandaic_Neo,Tree,?
Ethio_Ge'ez,What?,6901
Ethio_Tigre,What?,6901
Ethio_Tigrinya,What?,6901
Ethio_Harari,What?,6901
Ethio_Chaha,What?,6901
Ethio_Amharic,What?,6901
NWS_Hebrew,What?,6902
NWS_Ugaritic,What?,6902
ES_Akkadian,What?,6901
Arabic_Levantine,What?,6903
Arabic_Baghdadi,What?,6903
Arabic_Moroccan,What?,6903
Arabic_Ogaden,What?,6903
MSA_Mehri,What?,6904
MSA_Jibbali,What?,6905
MSA_Soqotri,What?,6906
NWS_Aramaic_Classical,What?,6902
NWS_Aramaic_Barwar,What?,6902
NWS_Aramaic_Qaraqosh,What?,6902
NWS_Aramaic_J_Betanure,What?,6902
NWS_Aramaic_J_Barzan,What?,6902
NWS_Aramaic_Hertevin,What?,6902
NWS_Aramaic_Jinnet,What?,6902
NWS_Aramaic_Mer,What?,6902
NWS_Aramaic_Urmi_C,What?,6902
NWS_Aramaic_J_Koy_Sanjaq,What?,6902
NWS_Aramaic_J_Sanandaj,What?,6902
NWS_Aramaic_Miden,What?,6902
NWS_Aramaic_Mlahso,What?,6902
NWS_Aramaic_Western_Maaloula,What?,6902
NWS_Aramaic_Mandaic_Neo,What?,6902
Ethio_Ge'ez,White,7001
Ethio_Tigre,White,7003
Ethio_Tigrinya,White,7001
Ethio_Harari,White,7002
Ethio_Chaha,White,7002
Ethio_Amharic,White,7002
NWS_Hebrew,White,7006
NWS_Ugaritic,White,7006
ES_Akkadian,White,7008
Arabic_Levantine,White,7009
Arabic_Baghdadi,White,7009
Arabic_Moroccan,White,7009
Arabic_Ogaden,White,7009
MSA_Mehri,White,7006
MSA_Jibbali,White,7006
MSA_Soqotri,White,7010
NWS_Aramaic_Classical,White,7007
NWS_Aramaic_Barwar,White,7007
NWS_Aramaic_Qaraqosh,White,7007
NWS_Aramaic_J_Betanure,White,7007
NWS_Aramaic_J_Barzan,White,7007
NWS_Aramaic_Hertevin,White,7007
NWS_Aramaic_Jinnet,White,7007
NWS_Aramaic_Mer,White,7007
NWS_Aramaic_Urmi_C,White,7007
NWS_Aramaic_J_Koy_Sanjaq,White,7007
NWS_Aramaic_J_Sanandaj,White,7007
NWS_Aramaic_Miden,White,7007
NWS_Aramaic_Mlahso,White,7007
NWS_Aramaic_Western_Maaloula,White,7007
NWS_Aramaic_Mandaic_Neo,White,7007
Ethio_Ge'ez,Who?,7101
Ethio_Tigre,Who?,7101
Ethio_Tigrinya,Who?,7101
Ethio_Harari,Who?,7101
Ethio_Chaha,Who?,7101
Ethio_Amharic,Who?,7101
NWS_Hebrew,Who?,7104
NWS_Ugaritic,Who?,7104
ES_Akkadian,Who?,7101
Arabic_Levantine,Who?,7101
Arabic_Baghdadi,Who?,7101
Arabic_Moroccan,Who?,7105
Arabic_Ogaden,Who?,7101
MSA_Mehri,Who?,7101
MSA_Jibbali,Who?,7101
MSA_Soqotri,Who?,7101
NWS_Aramaic_Classical,Who?,7101
NWS_Aramaic_Barwar,Who?,7101
NWS_Aramaic_Qaraqosh,Who?,7101
NWS_Aramaic_J_Betanure,Who?,7101
NWS_Aramaic_J_Barzan,Who?,7101
NWS_Aramaic_Hertevin,Who?,7101
NWS_Aramaic_Jinnet,Who?,7101
NWS_Aramaic_Mer,Who?,7101
NWS_Aramaic_Urmi_C,Who?,7101
NWS_Aramaic_J_Koy_Sanjaq,Who?,7101
NWS_Aramaic_J_Sanandaj,Who?,7101
NWS_Aramaic_Miden,Who?,7101
NWS_Aramaic_Mlahso,Who?,7101
NWS_Aramaic_Western_Maaloula,Who?,7101
NWS_Aramaic_Mandaic_Neo,Who?,7101
Ethio_Ge'ez,Woman,7201
Ethio_Tigre,Woman,7204
Ethio_Tigrinya,Woman,?
Ethio_Harari,Woman,7205
Ethio_Chaha,Woman,7206
Ethio_Amharic,Woman,7203
NWS_Hebrew,Woman,7207
NWS_Ugaritic,Woman,7208
ES_Akkadian,Woman,7209
Arabic_Levantine,Woman,7210
Arabic_Baghdadi,Woman,7210
Arabic_Moroccan,Woman,7210
Arabic_Ogaden,Woman,7211
MSA_Mehri,Woman,?
MSA_Jibbali,Woman,7212
MSA_Soqotri,Woman,7213
NWS_Aramaic_Classical,Woman,7208
NWS_Aramaic_Barwar,Woman,7214
NWS_Aramaic_Qaraqosh,Woman,7214
NWS_Aramaic_J_Betanure,Woman,7214
NWS_Aramaic_J_Barzan,Woman,7214
NWS_Aramaic_Hertevin,Woman,7214
NWS_Aramaic_Jinnet,Woman,7214
NWS_Aramaic_Mer,Woman,7214
NWS_Aramaic_Urmi_C,Woman,7214
NWS_Aramaic_J_Koy_Sanjaq,Woman,7214
NWS_Aramaic_J_Sanandaj,Woman,7214
NWS_Aramaic_Miden,Woman,7208
NWS_Aramaic_Mlahso,Woman,7208
NWS_Aramaic_Western_Maaloula,Woman,7215
NWS_Aramaic_Mandaic_Neo,Woman,7208
